titular,telefono,placa,tipoCobranza,estadoPago,contrato
Galvin Miles,554-184-0736,Z9M 6O1,Relaciones con los medios,Pagado,Erat Vitae Corporation
Shea Douglas,555-188-1245,Z8M 4O5,Soporte técnico,En orden,Sit Amet Ultricies Industries
Gregory Robertson,557-461-2487,Z6K 9J4,Publicidad,En orden,Tellus Nunc Industries
Garrett Holt,559-692-1022,Z6K 3M9,Atención al cliente,Pagado,Aenean Sed Pede Ltd
Eliana Wiggins,559-638-5368,Z6B 8M4,Relaciones con los medios,En orden,Mauris Incorporated
Edward Caldwell,551-913-3933,Z5P 3S3,Contabilidad,Pagado,Est Mollis Non Associates
David Salas,554-681-0750,Z5I 9B1,Investigación y desarrollo,Pagado,Dis Parturient Inc.
Kristen Finley,551-208-2996,Z4U 1W4,Atención al cliente,Pagado,Feugiat Limited
Gary Moreno,550-715-5870,Z3X 9Y1,Gestión de activos,Pagado,Luctus Ltd
McKenzie Valenzuela,556-803-4198,Z3T 6W3,Ventas y Mercadotécnia,Pagado,Quisque Ornare Tortor PC
Price Noel,558-528-2095,Z3H 3W4,Gestión de activos,Pagado,Integer Ltd
Holly Frank,555-587-5237,Z2Y 5H0,Departamento legal,Pagado,Eu Odio Phasellus Incorporated
Rahim Hendricks,555-119-9734,Z2X 9H0,Gestión de la calidad,En orden,Tristique Limited
Rahim Hendricks,556-389-9246,Z1Z 1S0,Atención al cliente,En orden,Luctus Ipsum Foundation
Rahim Hendricks,552-650-6916,Z1S 7Y7,Nóminas,En orden,Et Lacinia Vitae Corp.
Daphne Hammond,551-130-3811,Z1L 7E8,Recursos humanos,Pagado,Vel Convallis In Consulting
Whilemina Deleon,559-403-6647,Z1A 0N0,Gestión de activos,En orden,Nec Cursus A Corp.
Cheryl Osborne,552-191-3051,Z0Z 2I5,Departamento legal,En orden,Justo Praesent Luctus Consulting
Xander Solomon,559-269-7815,Z0K 6T8,Contabilidad,En orden,Dolor Limited
Ferris Hunt,552-525-0343,Y9T 2V4,Relaciones con los medios,En orden,Dignissim Associates
Beck Booker,551-699-6452,Y9S 1C5,Publicidad,En orden,Interdum Libero Consulting
Bianca Gillespie,552-829-8766,Z6K 3M9,Gestión de activos,Pagado,Risus Varius Orci Corporation
Price Noel,558-891-8719,Y8Y 6T1,Investigación y desarrollo,En orden,Leo Vivamus Nibh Foundation
Thaddeus Walton,558-364-9533,Y7I 4P6,Contabilidad,En orden,Praesent Foundation
Justine Fischer,558-898-6660,Y7F 7B2,Nóminas,Pagado,Vitae Consulting
Justin Russo,555-654-6327,Y5F 5M0,Contabilidad,En orden,Sapien Industries
Isaac Mckay,550-931-9416,Y4Y 8J6,Finanzas,Pagado,Suspendisse Eleifend Cras Foundation
Perry Scott,550-715-5870,Y4Q 4W9,Gestión de activos,En orden,Elit Aliquam Auctor Foundation
Amery Cochran,556-777-8620,Y3Y 4E1,Contabilidad,En orden,Nulla Integer Urna Company
Quon Floyd,553-175-2307,Y3O 8W5,Gestión de activos,En orden,Mauris Vestibulum Limited
Eden Osborn,557-885-0173,Y3F 9M1,Relaciones con los medios,En orden,Vitae Risus Duis Institute
Erica Gordon,550-715-5870,Y2C 1Y7,Departamento legal,Pagado,Ultrices Inc.
Nathaniel Berger,556-483-0733,Y1S 5O1,Recursos humanos,En orden,Fringilla Mi Ltd
Nayda Gaines,556-134-9746,Y1S 5O1,Atención al cliente,Pagado,Id Institute
Natalie Foreman,552-707-4209,Y1S 5O1,Recursos humanos,En orden,Natoque Penatibus Et Associates
Yolanda Maynard,555-869-8130,Y1R 3F9,Relaciones con los medios,En orden,Molestie Incorporated
Emerson Vasquez,550-715-5870,Y1D 2Z3,Relaciones públicas,En orden,Semper Nam Tempor Associates
Palmer Bass,554-127-1982,Z6K 3M9,Recursos humanos,En orden,Sodales Nisi Magna Consulting
Keefe Travis,552-733-5300,X9L 5A4,Relaciones públicas,Pagado,Sem Nulla Consulting
Ethan Molina,550-359-4092,X8Z 8U4,Atención al cliente,En orden,Tellus Nunc Associates
Bree Price,550-795-8448,X7O 5C6,Relaciones públicas,Pagado,In At PC
Mikayla Sloan,552-198-4933,X7B 2D7,Relaciones con los medios,En orden,Interdum Nunc Sollicitudin Consulting
Jordan Robertson,557-338-7209,X6W 4B2,Gestión de activos,En orden,Luctus Curabitur Egestas LLP
Omar Nash,553-900-7682,X6E 5Q0,Gestión de activos,En orden,Aliquam Rutrum LLC
Noah Townsend,556-207-3987,X5V 7R5,Relaciones públicas,En orden,Dictum Placerat Industries
Aquila Mason,553-181-8350,X5S 7O3,Contabilidad,Pagado,Lacus Varius Et Incorporated
Jemima Foley,555-771-8999,X5K 9U7,Recursos humanos,En orden,Facilisis Incorporated
Odette Abbott,557-591-9785,X4O 1L5,Finanzas,En orden,Velit Associates
Cherokee Powers,559-607-0921,X4C 8L7,Finanzas,Pagado,Sagittis Placerat Cras Associates
Denton Castaneda,557-536-2127,X3B 3V2,Nóminas,En orden,Elit Sed Consequat Associates
Galena Wilkerson,559-795-5695,X2I 6M1,Ventas y Mercadotécnia,Pagado,Est Incorporated
Gretchen Hernandez,554-965-2938,X1J 6E0,Ventas y Mercadotécnia,En orden,Purus Ac Tellus Consulting
Yoko Shepherd,559-968-2745,X0U 8I3,Recursos humanos,En orden,Sed Corp.
Gwendolyn Massey,559-518-2974,W9M 5L7,Soporte técnico,Pagado,Penatibus Et Magnis Inc.
Mary Underwood,557-225-4267,W9G 0W2,Finanzas,Pagado,Fames Ac Foundation
Clayton Little,553-653-3870,W8O 3S0,Publicidad,Pagado,Nec LLC
Bruno Lamb,559-132-9297,W8F 2P2,Gestión de la calidad,En orden,Imperdiet Nec Leo Incorporated
Nichole Sexton,557-585-7095,W7Z 0Y5,Ventas y Mercadotécnia,Pagado,Lectus Cum Incorporated
Basil Simpson,551-130-2128,W7X 4A1,Soporte técnico,Pagado,Fringilla Porttitor Vulputate Corp.
Fletcher Anthony,556-106-1114,W6W 4L0,Finanzas,Pagado,Mollis Nec Associates
Lani Odonnell,552-468-3766,W6T 0R4,Gestión de activos,Pagado,Lorem Foundation
Quincy Morrison,555-370-4709,W6R 3X5,Finanzas,Pagado,Feugiat Lorem Ipsum LLP
Britanni Wade,553-113-5079,W6O 4O3,Relaciones públicas,En orden,Ut Eros Non LLP
Nigel Ramsey,557-129-7925,W6H 4X1,Departamento legal,Pagado,At Foundation
Bianca Burks,555-210-8587,W6E 4U2,Departamento legal,Pagado,Erat Vivamus PC
Tad Hudson,550-151-9957,W6C 9U3,Gestión de activos,En orden,Phasellus Ornare Fusce Ltd
Jarrod Brewer,552-794-9366,W5J 8Y0,Investigación y desarrollo,Pagado,Sit Amet Industries
Tyler Gallegos,555-488-6509,W3Z 9F7,Investigación y desarrollo,Pagado,Ut Tincidunt Vehicula LLP
Odessa Tillman,553-728-1271,W3V 8E0,Finanzas,Pagado,Lacus Company
Hadley Mayo,551-959-8499,W2R 9G0,Ventas y Mercadotécnia,Pagado,Mauris Ut Mi Limited
Octavia Barton,551-804-6936,W2A 4Q7,Contabilidad,Pagado,Et Limited
Emily Brown,559-521-2194,W1V 2X2,Soporte técnico,Pagado,Diam Associates
Ava Merrill,553-268-9206,W1O 7U8,Ventas y Mercadotécnia,Pagado,Integer Ltd
Amela Hinton,551-984-0411,W1J 0J5,Contabilidad,Pagado,Morbi Sit Incorporated
Germaine Brown,554-939-0557,W0X 6H4,Recursos humanos,En orden,Auctor Mauris Vel Limited
Barry Lancaster,556-127-0641,W0X 0H2,Gestión de la calidad,En orden,Neque Sed Eget Limited
Caryn Pickett,553-688-8134,W0X 0H2,Ventas y Mercadotécnia,En orden,Ac Nulla Institute
Clementine Sosa,555-822-8754,V9C 3P9,Ventas y Mercadotécnia,Pagado,At Pretium Consulting
Alma Diaz,559-774-4735,V9A 4W7,Soporte técnico,Pagado,Mus Aenean Eget PC
Adrian Davidson,554-738-4180,V8Y 2D2,Recursos humanos,Pagado,Tempus Lorem LLC
Amela Holder,554-119-6252,V8U 4P8,Recursos humanos,En orden,Eu Ltd
Jennifer Roth,554-678-5749,V8P 9K8,Recursos humanos,En orden,Cras PC
Seth Richard,554-585-6202,V8C 2U2,Nóminas,Pagado,Ante Bibendum LLP
Thaddeus Walton,556-474-3836,V7W 3R6,Investigación y desarrollo,Pagado,Inceptos Ltd
Rooney Sampson,557-649-8454,V7A 6G4,Recursos humanos,Pagado,Vitae Foundation
Basil Olsen,558-335-8190,V5H 6T5,Recursos humanos,En orden,Aliquet Nec PC
Anthony Dennis,552-402-5087,V4K 8X7,Ventas y Mercadotécnia,Pagado,Lectus Pede Inc.
Caryn Hayes,557-267-4743,V4F 4J9,Gestión de la calidad,En orden,Sagittis Felis Institute
Yuri Schneider,558-470-5445,V3M 8F2,Relaciones públicas,En orden,Dolor Dapibus Limited
Fleur Fletcher,556-134-9315,V2X 2M9,Relaciones públicas,Pagado,Natoque Penatibus Et Corp.
Mariko Villarreal,557-225-4267,V2I 3T5,Publicidad,En orden,Vel Vulputate Industries
Paki Sharpe,552-125-8542,V2G 7P7,Departamento legal,En orden,Sed Id Risus Corporation
Inez Moody,551-507-4905,V2B 3N4,Contabilidad,En orden,Sit Amet Industries
September Gay,557-695-8512,V1T 6L5,Atención al cliente,En orden,Lobortis Class Aptent Corporation
Sean Kemp,557-208-3936,V1T 6L5,Gestión de la calidad,En orden,Venenatis Vel Faucibus Limited
Serena Dyer,557-148-7037,V1T 6L5,Gestión de activos,Pagado,Pellentesque Sed Dictum Incorporated
Serina Morrow,553-307-8623,V1T 6L5,Relaciones con los medios,Pagado,Eros Non LLC
Serina Spencer,551-350-3725,V1T 6L5,Soporte técnico,Pagado,Arcu Vestibulum Ante Associates
Selma Romero,550-855-8544,V1T 6L5,Gestión de la calidad,Pagado,Amet Associates
Quynn Lancaster,555-816-6618,V0N 7R6,Contabilidad,Pagado,Et Corporation
Akeem Webster,550-824-4338,V0N 1N1,Investigación y desarrollo,Pagado,Natoque Penatibus PC
Yvonne Mccall,553-729-5099,U9Z 6G9,Relaciones con los medios,En orden,In Cursus Et Inc.
Vivian Cooke,550-526-5513,U9M 7J8,Finanzas,Pagado,In Foundation
Matthew Knapp,552-419-6719,U8V 5T1,Contabilidad,En orden,Donec Ltd
Alexa West,556-102-3099,U8R 9D6,Finanzas,Pagado,Mattis LLC
Beck Small,557-915-2144,U8G 2M6,Gestión de la calidad,Pagado,Tempus Limited
Gregory Kirby,559-601-3595,U7O 7Y4,Relaciones con los medios,Pagado,Fermentum Fermentum Arcu Inc.
Ali Alexander,558-462-2930,U7H 3K1,Investigación y desarrollo,En orden,Sit Consulting
Jordan Hull,555-374-1920,U6G 4J8,Recursos humanos,Pagado,Lectus Rutrum Urna Corp.
Germaine Dejesus,557-714-2474,U5N 5F8,Contabilidad,Pagado,Lobortis Augue Scelerisque Corp.
Hayley Morin,551-847-8918,U5J 3O3,Atención al cliente,En orden,Malesuada Associates
Marshall Mcfarland,557-225-4267,U5I 9Z1,Atención al cliente,En orden,Quisque Fringilla Euismod Limited
Upton Booth,554-912-2456,U5I 7J6,Contabilidad,Pagado,Proin Mi Aliquam Associates
Hadassah Castro,554-378-9734,U5A 7K1,Publicidad,En orden,Curabitur Egestas Nunc Consulting
Heather Garrett,552-262-9624,U4G 8J8,Relaciones con los medios,En orden,Donec Associates
Rooney Edwards,556-630-3923,U3N 1T1,Relaciones públicas,En orden,Quisque Nonummy Foundation
Beau Miles,551-933-8971,U3M 7R1,Recursos humanos,Pagado,Ligula Consulting
Xena Stephenson,559-269-7815,U3D 9U5,Departamento legal,En orden,Vulputate LLP
Robin Frazier,554-800-6608,U1Z 7Y6,Relaciones públicas,Pagado,Orci Phasellus Ltd
Aubrey Barnett,557-124-7116,U1P 3M7,Relaciones públicas,Pagado,Semper Dui Associates
Baker Silva,556-162-7048,U1H 0R7,Recursos humanos,Pagado,Nisi Industries
Coby Grimes,554-970-4240,U0Z 8Y1,Departamento legal,En orden,Nisl Arcu Limited
Justine Fischer,558-288-1861,U0K 1T9,Investigación y desarrollo,Pagado,Libero LLC
Lila Talley,555-545-9379,U0I 9C8,Gestión de la calidad,En orden,Nonummy Ut Molestie Institute
Mallory Delaney,552-896-9987,T8Y 4W7,Gestión de la calidad,En orden,Sit Company
Guy Gibbs,558-375-4776,T8I 9I0,Relaciones públicas,Pagado,Nulla Ante Industries
Gage Waller,558-755-3885,T8G 6C0,Ventas y Mercadotécnia,Pagado,Vel Institute
Clementine Mcdowell,550-638-5696,T7R 2N4,Relaciones públicas,Pagado,Mauris Foundation
Orlando Shepherd,551-597-8907,T7L 7O4,Departamento legal,Pagado,At PC
Sade Stark,555-143-1892,T7D 4N8,Publicidad,Pagado,Commodo Tincidunt Nibh LLP
Aspen English,552-295-3452,T6Y 5W1,Recursos humanos,Pagado,Lacus Institute
Ora Ross,550-415-2016,T6Q 8O6,Gestión de la calidad,En orden,Auctor Ullamcorper Nisl Institute
Kareem Kramer,558-926-3235,T6L 5L8,Ventas y Mercadotécnia,Pagado,Eu Turpis Foundation
Rama Goodwin,558-951-7330,T6L 3Q3,Departamento legal,En orden,Ligula Nullam Associates
Hall Espinoza,552-504-2255,T6E 4Z5,Relaciones con los medios,Pagado,Nec Eleifend Non PC
Axel Stephens,556-626-4115,T6A 3U4,Relaciones con los medios,Pagado,Blandit At LLP
Olympia Velez,559-848-4871,T6A 3D3,Atención al cliente,En orden,Vel Nisl Incorporated
Libby Gross,558-347-3023,T5J 5C4,Finanzas,Pagado,Lobortis Tellus Limited
Wendy Leach,557-662-8228,T5I 1D1,Nóminas,Pagado,Ac Eleifend Vitae Associates
Neville Barnes,559-387-4887,T5G 9J8,Finanzas,En orden,Velit Eget Laoreet Associates
Fletcher Kirkland,558-847-4562,T5F 3Q2,Investigación y desarrollo,Pagado,Sociis Ltd
Holly Stafford,554-849-8075,T4Y 9G1,Relaciones públicas,Pagado,Ornare Lectus Corp.
Paloma Conley,552-390-7157,T4A 1D7,Gestión de activos,En orden,Metus Aenean Corporation
Abigail Klein,553-824-1120,T3O 0Z4,Contabilidad,Pagado,Montes Incorporated
Bertha Foster,556-832-6912,T2X 9B0,Nóminas,En orden,Sed Inc.
Gavin Sawyer,556-931-1967,T2W 3E2,Relaciones con los medios,En orden,A Dui Cras Incorporated
Ciara Gill,556-172-6540,T2P 2G1,Finanzas,En orden,Nullam Suscipit Limited
Willow Knapp,559-627-1811,T1R 1V3,Gestión de activos,Pagado,Ac Feugiat Non Inc.
Blaze Knowles,551-118-9327,T1E 6D2,Ventas y Mercadotécnia,Pagado,Fermentum Vel Foundation
Jared Howell,556-972-9564,T0X 6P8,Relaciones públicas,En orden,Eget Inc.
Christine Frye,554-759-7702,T0Q 4Q6,Nóminas,Pagado,In Condimentum Consulting
August Talley,551-545-2107,T0N 7C6,Recursos humanos,En orden,Aliquam Eros Turpis Incorporated
Castor Kennedy,559-945-5374,T0L 2B6,Recursos humanos,En orden,Porttitor LLP
Amy Bond,551-934-2066,T0I 3F7,Gestión de activos,Pagado,Non Corporation
Lacota Roberts,557-866-4385,T0H 9Q9,Ventas y Mercadotécnia,En orden,Blandit Corp.
Iola Owen,557-992-4114,T0G 9J5,Finanzas,Pagado,Ac Ltd
Ashely Moreno,553-961-5035,S9P 2H4,Publicidad,En orden,Aptent Taciti Sociosqu Consulting
Odysseus Moss,552-267-9996,S8N 8U7,Finanzas,En orden,Lobortis Mauris Limited
Alexis Rose,554-993-9313,S8G 7I7,Soporte técnico,Pagado,Malesuada Augue Corporation
Claire Sanders,555-941-1745,S6V 9U7,Publicidad,Pagado,Ac Eleifend Vitae Institute
Forrest Crawford,554-342-2933,S6T 9E2,Soporte técnico,Pagado,Purus Corp.
Kai Bridges,553-747-0042,S6O 5G0,Nóminas,En orden,Ullamcorper Eu Euismod LLC
Tate Holder,553-719-9380,S6K 4Y3,Finanzas,Pagado,Velit Eget Company
Colette Richards,559-571-9744,S5U 8H7,Gestión de la calidad,En orden,Suspendisse Institute
Georgia Richmond,555-248-6476,S5N 7D7,Relaciones con los medios,En orden,Placerat LLP
McKenzie Sparks,558-934-2200,S4U 0K6,Gestión de la calidad,En orden,Metus Aenean Corp.
Shaine Ayers,559-249-8716,S4N 9I3,Gestión de activos,En orden,Proin Associates
Fletcher Rivera,553-171-5426,S4I 0F5,Investigación y desarrollo,Pagado,Enim Consulting
Dana Noel,556-694-7267,S3O 1C4,Nóminas,En orden,Euismod Est Arcu Inc.
Arsenio Taylor,554-219-2495,S3L 4A3,Gestión de la calidad,En orden,Facilisi Sed Incorporated
Keiko Weeks,559-176-7435,S2P 4Z9,Atención al cliente,Pagado,Enim Commodo Hendrerit Foundation
Nolan Sosa,558-427-7466,S2G 8D6,Relaciones públicas,Pagado,Quam Industries
Caleb Haley,555-534-7945,S2A 9R6,Recursos humanos,En orden,Felis Donec PC
Erich Hudson,550-869-0470,S1Y 7N8,Gestión de activos,En orden,Pellentesque A Associates
Tad Buckner,554-175-8156,S1X 6S8,Atención al cliente,Pagado,Tincidunt Industries
Jarrod Ross,555-261-8951,S1Q 1K0,Relaciones con los medios,Pagado,Orci Associates
Penelope Richardson,551-745-9846,S1M 3O4,Departamento legal,Pagado,Sit Foundation
Melyssa Cleveland,554-564-1193,S1I 9V7,Soporte técnico,Pagado,Non Arcu Foundation
Stephanie Atkins,553-701-0990,S0T 4S2,Contabilidad,Pagado,Quisque Imperdiet Ltd
Kenyon Tanner,556-331-2124,S0G 3Z1,Gestión de la calidad,Pagado,Enim Etiam Industries
Julian Spears,555-207-6037,S0E 3H6,Relaciones públicas,Pagado,Quis Turpis Vitae Associates
Rhiannon Baird,559-331-3789,R9N 5B2,Gestión de la calidad,Pagado,Non Enim Foundation
Levi Dennis,553-394-8536,R8P 9C3,Finanzas,Pagado,Sit Amet Massa Foundation
Cathleen Burt,553-351-1483,R8J 4O2,Contabilidad,Pagado,Tincidunt PC
Cheyenne Guerrero,550-276-1735,R8E 3A2,Finanzas,En orden,Cras LLC
Kylynn Hester,551-750-9757,R7H 9M0,Relaciones con los medios,Pagado,Non Consulting
Warren Sweet,556-721-3837,R7C 3E8,Soporte técnico,En orden,Lacus Cras Ltd
Slade Hartman,555-605-8584,R6S 1V9,Finanzas,En orden,Lacus Foundation
Noel Lee,550-540-7335,R6L 6S1,Investigación y desarrollo,Pagado,Dapibus Industries
Mason Cole,554-669-5175,R6H 9B8,Investigación y desarrollo,Pagado,Mauris Blandit Enim Institute
Xenos Taylor,556-269-2561,R5Z 8Z8,Nóminas,Pagado,Ut Consulting
Curran Hahn,557-752-8745,R4S 8Z1,Atención al cliente,Pagado,Vestibulum Mauris LLC
Hiroko Sherman,554-506-5992,R4J 1A4,Gestión de activos,Pagado,Habitant Morbi LLC
Nomlanga Snow,559-208-2814,R4H 2H9,Gestión de la calidad,Pagado,Neque Consulting
Ivy Wyatt,554-422-7683,R4B 7V4,Relaciones con los medios,Pagado,Dui Semper Limited
Ivy Wyatt,554-422-7683,R4B 7V4,Gestión de la calidad,Pagado,Non Bibendum Sed Company
Guinevere French,558-629-8688,R3P 2B4,Recursos humanos,En orden,Cras Vehicula Consulting
Ginger Delgado,557-640-6051,R3O 5H4,Investigación y desarrollo,En orden,Lacus Quisque Purus Inc.
Lars Love,550-614-7142,R3A 6L0,Publicidad,En orden,Ultrices A Ltd
Imelda Ortega,555-392-4041,R2U 9U6,Finanzas,Pagado,Auctor Non Feugiat Corp.
Karen Mcclure,557-324-7848,R2R 4A0,Relaciones con los medios,Pagado,Donec LLC
Mannix Dennis,552-610-2719,R2N 8U7,Contabilidad,En orden,Est Vitae LLP
Octavius Murray,558-884-0069,R2H 4J3,Relaciones con los medios,Pagado,Accumsan Sed Facilisis LLC
Renee Mullins,559-331-3787,R1W 1X6,Finanzas,Pagado,Scelerisque Ltd
Gwendolyn Mosley,556-930-4934,Q9X 1D6,Publicidad,Pagado,Nibh Dolor Institute
Ray Gallegos,559-331-3786,Q9V 8C8,Ventas y Mercadotécnia,En orden,Ipsum Donec Associates
Alika Frank,551-274-6568,Q9I 2A1,Nóminas,Pagado,Iaculis Aliquet Diam Incorporated
Chaim Foster,552-600-9730,Q9A 9Y8,Recursos humanos,En orden,Quisque Ornare Incorporated
Brenna Wiggins,556-517-2098,Q8P 4B7,Relaciones públicas,En orden,Dolor Sit Amet PC
Keaton Petersen,552-603-0725,Q8N 9W6,Departamento legal,Pagado,Luctus LLP
Jonas Hess,550-899-0021,Q8I 1K6,Relaciones públicas,Pagado,Sed LLC
Gary Dunlap,556-595-0247,Q8B 5C3,Gestión de activos,En orden,Nunc Ullamcorper Eu Consulting
Benedict Farmer,559-961-8053,Q8A 9O6,Investigación y desarrollo,Pagado,Egestas Urna Justo Incorporated
Igor Bright,551-706-2578,Q7W 3O4,Nóminas,En orden,Curae; Consulting
Keane Wade,556-910-9009,Q7W 1L9,Relaciones con los medios,Pagado,Arcu Curabitur Ut Foundation
Keane Wade,556-910-9006,Q7W 1L9,Gestión de la calidad,Pagado,Fames Ac PC
Brenden Hogan,557-563-9434,Q6Z 1X3,Publicidad,Pagado,Id Magna Et Associates
Reuben Roy,559-331-3788,Q6N 5O4,Contabilidad,En orden,Curabitur Foundation
Forrest Moran,554-711-6851,Q6F 0W8,Contabilidad,En orden,Libero Lacus Varius Institute
Glenna Nolan,558-135-1931,Q3P 1C1,Contabilidad,Pagado,Suscipit Nonummy Consulting
Indigo Burris,552-934-4527,Q3G 3L8,Contabilidad,Pagado,Sed Nec Consulting
Aline Hansen,559-137-0570,Q2Q 0U5,Relaciones públicas,Pagado,Ipsum Suspendisse Company
Price Noel,554-208-8506,Q2O 4Q9,Finanzas,Pagado,Egestas Nunc Corp.
Ahmed Rutledge,555-120-1291,Q2L 4N8,Investigación y desarrollo,Pagado,Proin Velit Foundation
Harriet Christian,556-248-4203,Q1E 6G7,Relaciones públicas,En orden,Duis Volutpat Nunc LLC
Noelle Hopkins,550-538-3679,Q0W 2Y1,Relaciones públicas,Pagado,Eu Institute
Tana Hampton,554-150-7565,Q0R 2A8,Contabilidad,En orden,Erat Eget Inc.
Shaine Wilder,550-416-3836,P9Y 3G5,Gestión de activos,Pagado,Interdum Nunc Sollicitudin Inc.
Shelly Vazquez,552-625-2138,P9T 3L2,Relaciones públicas,Pagado,Nulla Incorporated
Cassandra Grimes,553-688-8134,P9K 5I3,Investigación y desarrollo,Pagado,Sagittis Inc.
Jennifer Potter,554-327-3410,P9J 7S1,Gestión de activos,Pagado,Eleifend Nec PC
Lila Kramer,553-118-5230,P9J 7F4,Relaciones con los medios,En orden,Dolor Vitae Dolor Institute
Channing Talley,550-989-2435,P9A 7G6,Relaciones con los medios,Pagado,Nam Company
Wang Blake,551-998-6978,P8I 4V0,Finanzas,Pagado,Auctor Vitae Aliquet Ltd
Keith Lara,550-781-0731,P8G 1A5,Publicidad,Pagado,Phasellus Limited
Kelly Irwin,554-550-5737,P7R 5B5,Departamento legal,En orden,In LLC
Avram Camacho,557-790-4622,P7Q 9L6,Gestión de la calidad,Pagado,Ut Erat Sed Incorporated
Nissim Merrill,551-686-0140,P7G 5I7,Contabilidad,Pagado,Turpis Foundation
Claudia Barton,552-256-0678,P6Z 3T3,Departamento legal,Pagado,Cras Limited
Gisela Leach,557-621-9836,P5W 4A8,Relaciones con los medios,En orden,Vestibulum Inc.
Demetrius Payne,550-493-9778,P5U 0R3,Relaciones con los medios,En orden,Aliquet Company
Darrel Meadows,557-344-2147,P5R 1A9,Finanzas,En orden,Facilisis Vitae Orci Company
Iona Pearson,551-847-8918,P5O 0F3,Recursos humanos,En orden,Tellus Lorem Eu LLC
Samuel Fowler,551-626-8331,P5I 7F4,Ventas y Mercadotécnia,Pagado,Magna Et Ltd
Gavin Estrada,558-258-1383,P5E 9O7,Relaciones públicas,En orden,Eu PC
Kiayada Tillman,554-754-5858,P5B 0W1,Gestión de la calidad,En orden,Euismod Company
Nasim Mercer,556-115-9356,P4X 6X0,Departamento legal,En orden,Erat Etiam Vestibulum Consulting
Nerea Burch,555-944-6375,P4Q 6B4,Finanzas,En orden,Id Blandit LLC
Fleur Roman,550-257-2567,P4L 0K1,Relaciones con los medios,En orden,Sed Foundation
Montana Holmes,558-644-4816,P4C 1G5,Gestión de activos,Pagado,Consequat Nec Mollis Company
Zachery Berger,558-958-6793,P3G 0K9,Recursos humanos,En orden,Sit Amet Faucibus Industries
Mohammad Patrick,553-141-8620,P3B 4N6,Finanzas,Pagado,Nisl LLC
Molly Castro,552-104-9629,P2X 1R1,Investigación y desarrollo,Pagado,Consequat Inc.
Axel Stephens,558-851-6775,P2K 3C2,Ventas y Mercadotécnia,Pagado,Arcu Et Inc.
Richard Solis,559-331-3790,P1S 8J1,Publicidad,Pagado,Sit Inc.
Christian Burgess,559-655-0648,P0R 7A3,Relaciones públicas,En orden,Semper Erat Industries
Isabelle Clarke,550-787-0421,P0B 8O2,Recursos humanos,Pagado,Quisque Varius Inc.
Ivy Fletcher,554-292-3315,O9W 3W2,Gestión de la calidad,En orden,Dictum Consulting
Brennan Cameron,551-884-7387,O9M 5A8,Investigación y desarrollo,Pagado,Vulputate Lacus PC
Ignacia Jensen,550-140-3258,O9I 1Z1,Contabilidad,En orden,At Limited
Gail Owen,550-934-6111,O8U 0I7,Departamento legal,En orden,Fermentum Convallis Institute
Quin Castro,557-847-5649,O8P 3E7,Relaciones con los medios,Pagado,Curabitur Inc.
Emerson Hinton,550-109-8055,O8K 7A7,Relaciones públicas,Pagado,Facilisis Eget Ipsum Associates
Josiah Sawyer,557-666-7382,O8J 4A0,Investigación y desarrollo,Pagado,Purus Duis Elementum LLP
Carl Stanton,553-575-6619,O8H 6E5,Soporte técnico,Pagado,Lectus Rutrum Urna Associates
Keane Wade,556-910-9007,O7N 5R0,Finanzas,En orden,Purus Incorporated
Ahmed Tillman,552-329-0445,O7L 1Z8,Ventas y Mercadotécnia,Pagado,Tempus Lorem Fringilla Limited
Upton Mayer,551-125-6984,O7I 2Y9,Gestión de activos,En orden,A Limited
Joshua Justice,559-690-0950,O7F 5V1,Atención al cliente,Pagado,Adipiscing Enim Mi Company
Mohammad Mccormick,551-189-9918,O7E 8N5,Gestión de activos,Pagado,Neque Sed Inc.
Hayden Weaver,551-282-3473,O6C 6L2,Relaciones públicas,Pagado,Adipiscing Ltd
Ferdinand Lawrence,557-404-3967,O5K 7P9,Finanzas,Pagado,Sed Tortor Consulting
Dennis Benson,552-576-5923,O5G 0S5,Atención al cliente,En orden,Lobortis Corp.
Celeste Gibbs,558-611-2678,O4Y 7W9,Atención al cliente,En orden,Quisque LLC
Charity Avery,551-332-6099,O4T 7G7,Relaciones con los medios,En orden,Aliquam Limited
Blaine Terry,557-546-0645,O3L 7M5,Relaciones con los medios,Pagado,Sit Amet Company
Oscar French,552-914-0509,O3H 4W0,Publicidad,Pagado,Tincidunt Foundation
Montana Boyer,558-644-4816,O3E 1V8,Soporte técnico,En orden,Lacinia At Consulting
Kai Mcbride,550-866-7236,O3D 3C8,Relaciones públicas,En orden,Ipsum Company
Rina Morrow,557-326-2120,O2S 2A0,Departamento legal,Pagado,Amet Inc.
Rooney Boyer,551-127-9815,O2Q 0B8,Investigación y desarrollo,En orden,Odio Consulting
Aurelia Vaughn,556-442-1990,O2O 1O8,Relaciones con los medios,Pagado,A Odio PC
Jemima Brennan,559-776-5760,O1Z 6X6,Soporte técnico,Pagado,Dapibus Id Limited
Kendall Garza,557-963-3145,O1P 5Z6,Investigación y desarrollo,En orden,Odio Corp.
Catherine Soto,550-819-5486,O0I 4B7,Finanzas,Pagado,Et Risus Quisque Industries
Ian Moore,550-661-3775,N9R 1C8,Finanzas,En orden,Suspendisse Non Leo Industries
Kyla Farley,559-319-0422,N9A 1J4,Departamento legal,Pagado,Elit Etiam Laoreet Associates
Keane Wade,556-910-9008,N8Z 4T5,Nóminas,En orden,Dis LLP
Felicia Hutchinson,552-613-0400,N8V 9S3,Gestión de la calidad,En orden,Eget Company
Isadora Mclaughlin,551-706-3580,N8O 6I8,Contabilidad,En orden,Vel Nisl Quisque Corp.
Keane Wade,556-910-9010,N8O 2S3,Gestión de la calidad,Pagado,Metus Aenean Sed Inc.
Reed Murray,559-331-3786,N7O 5Y0,Relaciones con los medios,Pagado,Nec Luctus Inc.
Ryan Vincent,554-505-6337,N7F 0M1,Departamento legal,En orden,Ornare Facilisis Associates
Ivor Whitfield,552-985-4863,N6N 7U2,Gestión de la calidad,Pagado,Morbi Neque LLC
Zane Rocha,556-811-7892,N6L 6N5,Contabilidad,En orden,Suspendisse Eleifend LLP
Price Noel,555-895-2766,N6C 0E7,Relaciones públicas,Pagado,Erat Eget Tincidunt Corp.
Lana Campos,559-978-8813,N5S 6D3,Gestión de activos,En orden,Auctor Quis Tristique Company
Willa Newman,558-406-2444,N5J 9J2,Nóminas,Pagado,Cursus Et Magna Foundation
Chava Zimmerman,554-596-0705,N4V 7Y7,Relaciones con los medios,Pagado,Faucibus Lectus Company
Fallon Cortez,556-190-1633,N3G 5U5,Investigación y desarrollo,Pagado,Lorem Inc.
Talon Lloyd,559-661-2597,N2Y 4Y5,Finanzas,En orden,Enim Curabitur Massa Incorporated
Armand Dale,553-429-4067,N2V 0B3,Contabilidad,Pagado,Convallis Est Vitae LLC
Reese Rios,559-331-3786,N2B 1Y7,Recursos humanos,En orden,Vestibulum Nec Associates
Winifred Stokes,552-359-9100,N1U 7C6,Departamento legal,En orden,Posuere Enim PC
Cheryl Mcgee,557-403-2593,N1U 6V4,Finanzas,Pagado,Amet Lorem Incorporated
MacKensie Mcgee,550-788-5226,N0X 9W2,Investigación y desarrollo,En orden,Eu Company
Riley Snider,555-891-9164,N0N 2N6,Relaciones públicas,Pagado,Donec Egestas Duis Ltd
Tatiana Carter,553-746-3949,M9S 5A8,Investigación y desarrollo,En orden,Sed Nunc Institute
Dane Sanford,550-696-4081,M9N 6D8,Departamento legal,En orden,Orci Lobortis Incorporated
Myles Carver,557-214-1367,M9M 1M4,Ventas y Mercadotécnia,Pagado,Curabitur Massa Corporation
Christine Schwartz,557-421-6222,M8R 0R3,Relaciones públicas,En orden,Et Institute
Nolan Davis,558-273-3543,M8P 1X2,Atención al cliente,En orden,Luctus Associates
Josiah Haley,554-500-1426,M8L 9U4,Gestión de la calidad,Pagado,Ac Sem Ut Company
Henry Jacobs,555-601-2653,M7Q 9K4,Ventas y Mercadotécnia,Pagado,Montes Ltd
Jerome Tyler,554-346-2485,M7P 3N5,Soporte técnico,Pagado,Sit Industries
Alfonso Myers,557-180-0634,M7D 0E5,Departamento legal,En orden,Amet LLC
Beau Roberson,559-859-8706,M5W 9K4,Contabilidad,Pagado,Pellentesque Tincidunt Tempus Corporation
Jennifer Gillespie,550-881-6105,M4E 6O2,Departamento legal,Pagado,Nunc Nulla Vulputate Associates
Leonard Mckinney,559-822-2334,M3L 2R7,Contabilidad,Pagado,Integer Consulting
Lois Burks,555-257-7068,M3L 2R7,Nóminas,Pagado,Rutrum Fusce Institute
Leo Drake,554-920-8549,M3L 2R7,Investigación y desarrollo,En orden,Ac Turpis Industries
Leslie Hatfield,551-483-8840,M3L 2R7,Atención al cliente,Pagado,Nunc Sed Institute
Rosalyn Macias,558-607-6056,M2Y 0Y5,Investigación y desarrollo,Pagado,Metus Vivamus Euismod Ltd
Macy Miller,551-595-3646,M2X 1M4,Atención al cliente,En orden,Sodales Mauris Blandit Incorporated
Wyatt Vance,551-744-4035,M2L 5S1,Atención al cliente,Pagado,Vivamus Inc.
Zorita Hanson,557-506-8692,M2F 2S0,Finanzas,En orden,Nec Inc.
Donovan Wells,555-839-3249,M2C 6X9,Finanzas,En orden,Donec Fringilla Ltd
Felix Landry,555-222-9512,M1P 6M9,Relaciones públicas,Pagado,Auctor Company
Donna Nielsen,556-701-0500,M1G 7R6,Relaciones con los medios,En orden,Consectetuer Adipiscing Elit Limited
Axel Stephens,553-873-4030,M0Y 1W4,Relaciones públicas,En orden,Feugiat LLC
Claudia Payne,554-949-1305,M0O 0U1,Soporte técnico,En orden,Sit Amet Institute
Joel Garner,555-860-3729,M0D 7R1,Finanzas,En orden,Vitae Sodales At PC
Kevyn Cooley,553-933-2572,M0B 6T7,Recursos humanos,En orden,Sollicitudin A LLC
Joel Valentine,554-256-1562,L9M 4D0,Finanzas,En orden,Class Aptent Taciti LLC
Declan Rosales,556-252-2273,L8U 5K9,Recursos humanos,Pagado,Scelerisque Consulting
Rigel Fitzpatrick,554-355-2793,L8N 3T1,Nóminas,En orden,Malesuada Company
Adrian Davidson,554-419-4974,L7W 4G5,Departamento legal,En orden,Sociis Natoque Penatibus PC
Hermione Murray,552-752-1834,L7K 2M0,Gestión de la calidad,En orden,Velit Justo LLP
Cameran Forbes,556-722-4452,L6G 5A4,Atención al cliente,Pagado,In Condimentum Associates
Deanna Pratt,550-282-6703,L6E 6Y5,Contabilidad,En orden,Cras Dictum Ultricies Corporation
Neil Peters,556-529-3909,L5N 6M9,Soporte técnico,Pagado,Cras LLC
Avram Harding,551-847-8918,L5E 9R3,Departamento legal,Pagado,Ac LLP
Jeanette Oneil,554-272-1985,L4F 7X4,Soporte técnico,Pagado,Dui Quis LLC
Frances Garrison,557-885-7071,L4B 0W0,Recursos humanos,En orden,Amet Associates
Warren Arnold,554-928-5784,L3Y 5C0,Contabilidad,En orden,Aliquet Proin LLP
Eliana Santana,559-111-4095,L3H 6L2,Atención al cliente,En orden,Mi Ac Corporation
Marah Shepard,557-225-4267,L3G 5G8,Investigación y desarrollo,En orden,Neque Sed Sem Corporation
Jael Levy,555-363-7985,L2W 6G7,Gestión de activos,En orden,Nisi Sem Semper Industries
Price Noel,557-606-4701,L1Y 1G3,Gestión de activos,En orden,Nec Orci Incorporated
Adrian Davidson,554-324-1803,L1J 1R6,Relaciones públicas,En orden,Lorem Limited
Brenna Wiggins,552-268-5103,K9R 5N3,Soporte técnico,Pagado,Vitae Posuere LLC
Gannon Delacruz,557-326-1086,K9J 1G6,Relaciones con los medios,En orden,Praesent Eu Associates
Kitra Ewing,558-615-5468,K8T 5O1,Nóminas,En orden,Mi Associates
Keefe Barrera,553-732-6043,K8K 9S0,Contabilidad,Pagado,Mauris Ut Mi Company
Quinn Francis,559-596-9624,K8B 9D2,Soporte técnico,Pagado,Dolor Associates
Kuame Nixon,558-956-4194,K7X 3H9,Contabilidad,Pagado,Et Inc.
Alan Stout,552-719-7380,K7A 4Q3,Recursos humanos,En orden,Neque Nullam Ltd
Felix Carney,553-188-8022,K5H 3M5,Gestión de la calidad,Pagado,Nec Ante Institute
May Bean,556-946-4276,K5C 9E6,Contabilidad,Pagado,Ornare Egestas Ligula Inc.
Channing Stuart,559-594-2453,K4K 5I5,Investigación y desarrollo,En orden,Ut Molestie Inc.
Abdul Olsen,554-340-0086,K4E 5U7,Atención al cliente,En orden,Sed Consequat Auctor Corp.
Baker Gardner,550-448-6979,K3Z 6V7,Publicidad,En orden,Eu Placerat Company
Mona Blake,557-698-1363,K3V 6B6,Recursos humanos,En orden,Ante Ipsum Primis Limited
Porter Paul,551-499-8148,K2V 8E8,Soporte técnico,Pagado,Velit Eu Sem Institute
Axel Stephens,553-803-0663,K2R 6T7,Relaciones públicas,En orden,Vestibulum Ut Company
Julian Mason,552-122-5625,K2O 7A2,Relaciones con los medios,En orden,Gravida LLC
Alyssa Prince,559-468-3443,K2B 5D8,Relaciones públicas,Pagado,Eget Laoreet Posuere Corp.
Fiona Patel,554-421-7470,K2B 3G6,Investigación y desarrollo,En orden,Fusce Mollis Ltd
Jerome Lara,558-749-3512,K1R 3I4,Recursos humanos,Pagado,Amet Faucibus Inc.
Uriah Farley,552-485-4627,K1H 7B9,Gestión de activos,Pagado,Tincidunt Pede Ac Ltd
Upton Turner,551-295-1813,K1H 7B9,Soporte técnico,En orden,Faucibus Associates
Uriah Farley,555-591-3795,K1H 7B12,Nóminas,Pagado,Erat Company
Uriah Farley,558-354-1775,K1H 7B11,Atención al cliente,Pagado,Quis Associates
Uriah Farley,550-151-0994,K1H 7B10,Atención al cliente,En orden,Amet Luctus Vulputate Ltd
Mira Oliver,558-685-7448,K0X 6M8,Publicidad,Pagado,Vitae Odio Foundation
Flynn Cook,556-844-2150,K0R 5L2,Contabilidad,En orden,Nulla In PC
Taylor Lloyd,559-541-6604,K0F 8B1,Gestión de activos,En orden,Ipsum Suspendisse Sagittis PC
Galvin Terrell,550-248-5433,K0C 8W9,Nóminas,En orden,Pellentesque Incorporated
Macon Mcdonald,550-741-0487,J9Z 2D8,Finanzas,En orden,Non Vestibulum Ltd
Prescott Kelley,553-694-7803,J9X 7F7,Gestión de la calidad,En orden,Eget Tincidunt Dui LLC
Thaddeus Walton,554-625-2944,J9R 8X6,Gestión de activos,En orden,Magna Corp.
Ingrid Trevino,553-434-0620,J9H 3M0,Departamento legal,Pagado,Iaculis Inc.
Bruce Oneill,559-340-2817,J9C 3N0,Departamento legal,Pagado,Diam Luctus LLC
Clinton Wilkerson,559-265-8599,J8Z 0V9,Investigación y desarrollo,En orden,Eget Laoreet LLC
Nola Deleon,551-150-1911,J8Q 9H3,Recursos humanos,Pagado,Neque Sed Dictum Corporation
Rylee Huber,550-962-7387,J8J 8Y7,Atención al cliente,En orden,Nulla Incorporated
Kylan Roach,553-103-9680,J8G 7O9,Investigación y desarrollo,Pagado,Nibh Vulputate Industries
Zeph David,551-850-0246,J7I 6L6,Investigación y desarrollo,Pagado,Vel Sapien Imperdiet Foundation
Aubrey Lynch,552-257-7609,J7I 5K9,Nóminas,En orden,Tellus Suspendisse Sed Foundation
Risa Yang,555-316-3939,J7H 1J6,Investigación y desarrollo,En orden,Nec Industries
Melinda Payne,552-847-0599,J7F 5J2,Departamento legal,Pagado,Venenatis LLP
Hakeem Mitchell,552-473-2781,J6W 2J5,Gestión de activos,Pagado,Praesent Institute
Jamal Gay,551-715-3104,J6J 7P9,Relaciones con los medios,Pagado,Justo Foundation
Geoffrey Mills,555-735-3605,J5Y 9T4,Gestión de activos,En orden,Nascetur Ridiculus Corporation
Mufutau Garrett,552-655-0448,J4Y 8P9,Nóminas,En orden,Non Quam Pellentesque Limited
Alfreda Lynch,557-903-4334,J4T 8U9,Ventas y Mercadotécnia,Pagado,Congue Ltd
Rigel Moran,558-492-1137,J4R 5X5,Nóminas,Pagado,Sociis Natoque Corp.
Cally Flowers,550-891-0501,J4Q 4K0,Atención al cliente,En orden,Ornare Libero LLP
Ayanna Stephenson,559-584-1473,J4M 3R6,Contabilidad,Pagado,In Dolor Fusce Inc.
Beau Rich,551-544-5327,J4K 8R1,Nóminas,En orden,Eu Odio Tristique LLP
Amy Brewer,554-725-7285,J4I 9J8,Investigación y desarrollo,En orden,Cubilia Corporation
Ulysses Carroll,556-789-9682,J4F 7Y2,Nóminas,En orden,Dui In Ltd
Giselle Phelps,551-140-2909,J3S 7R1,Relaciones públicas,Pagado,Eu Ultrices Ltd
Hector Michael,553-284-9092,J3R 7G1,Relaciones públicas,En orden,Mauris Nulla Integer Company
Rose Chang,558-692-6289,J3M 8Z0,Recursos humanos,Pagado,Nulla Magna Malesuada LLC
Anjolie Hatfield,550-781-6790,J3L 9O4,Gestión de activos,En orden,Tellus Imperdiet Non Consulting
Brett Chase,553-731-1875,J2E 7V9,Gestión de activos,En orden,Pede Sagittis Augue Institute
August Cabrera,555-452-0334,J1Y 7D2,Gestión de la calidad,Pagado,Luctus Limited
Byron Sargent,552-955-1833,J1X 7W4,Atención al cliente,Pagado,Aliquet Libero Integer Associates
Clare Avery,557-340-5227,J1V 9S9,Soporte técnico,Pagado,Erat Corporation
Brooke Tate,553-355-6054,J1I 2Y0,Relaciones con los medios,En orden,Non Consulting
Odessa May,551-866-8379,J0K 7K1,Departamento legal,Pagado,Integer Aliquam PC
Akeem Marsh,555-705-3256,I9M 7Y3,Contabilidad,Pagado,Vel LLP
Xena Stephenson,556-420-9954,I9I 0P0,Relaciones públicas,Pagado,Mauris Non Dui Foundation
Kellie Ross,558-310-8570,I9C 7B6,Gestión de activos,En orden,Ornare Corp.
Josiah Cannon,551-786-3136,I9B 8L8,Contabilidad,En orden,Mauris Eu Turpis Incorporated
Samuel Hutchinson,552-546-2597,I8J 4I1,Recursos humanos,Pagado,Vitae Ltd
Pandora Watson,558-350-1298,I8E 4Z3,Relaciones con los medios,En orden,Dui Foundation
Kennan Aguirre,556-924-7092,I7Q 0D5,Soporte técnico,En orden,Ut Odio Vel Company
Xenos Taylor,556-842-6589,I7E 7G1,Relaciones con los medios,En orden,In Tempus Ltd
Rylee Coleman,559-625-1162,I6P 7N0,Contabilidad,En orden,Fermentum Vel Institute
Joy Parrish,559-249-9915,I5H 2S6,Relaciones públicas,Pagado,Tortor At Risus Institute
Jared Howell,556-972-9564,I5H 2S6,Investigación y desarrollo,En orden,Sollicitudin LLP
Jared Howell,556-972-9564,I5H 2S6,Ventas y Mercadotécnia,En orden,Scelerisque Sed Sapien Corporation
Sybil Underwood,557-613-6708,I5G 4V7,Relaciones públicas,En orden,Tincidunt Vehicula Risus Limited
Linus Dawson,557-468-0351,I5B 0G7,Atención al cliente,Pagado,Ipsum Phasellus Vitae Ltd
Larissa Farley,550-254-8295,I4Z 4H5,Gestión de la calidad,Pagado,Sed Institute
Zephr Vinson,558-457-0716,I4W 8T2,Gestión de la calidad,En orden,Vitae Mauris Ltd
Driscoll Hughes,555-561-6717,I1Z 5C8,Investigación y desarrollo,Pagado,Eu Company
Daria Vincent,552-986-8666,I1V 8U8,Relaciones públicas,Pagado,Justo Nec Corporation
Lester Lamb,553-548-4989,I1Q 8D5,Publicidad,Pagado,Enim Curabitur Massa Company
Kellie Nguyen,551-867-1437,I1N 4N9,Publicidad,En orden,Curabitur Consulting
MacKensie Harper,550-225-0743,I0L 9M5,Relaciones con los medios,En orden,Sit Inc.
Connor Rodriguez,555-204-2471,H9L 1Q8,Gestión de la calidad,Pagado,Neque LLP
Ella Lindsay,550-554-4918,H9I 5B3,Relaciones públicas,En orden,Lorem Institute
Dean Cooper,558-542-4890,H9F 0C0,Departamento legal,Pagado,Arcu Sed Foundation
Xena Stephenson,559-269-7815,H8G 7H5,Gestión de activos,En orden,Diam Luctus Lobortis Incorporated
Xena Stephenson,553-537-8150,H8G 7H5,Departamento legal,Pagado,Commodo Tincidunt Nibh Limited
Jasper Emerson,559-420-2759,H8E 0O2,Finanzas,Pagado,Nunc Institute
Anjolie Humphrey,556-169-7020,H7S 9V9,Nóminas,Pagado,Erat Sed Nunc LLC
Jocelyn Christian,559-863-8236,H7F 7E7,Relaciones con los medios,En orden,Dis Corp.
Adam Fischer,551-666-0507,H7F 0T6,Publicidad,En orden,Nec Orci Institute
Walter Watson,555-788-5436,H6X 3F5,Investigación y desarrollo,Pagado,A LLP
Evan Witt,556-314-5946,H6V 7L5,Publicidad,En orden,Risus Nunc Limited
Duncan Durham,555-137-5878,H6N 2B7,Investigación y desarrollo,Pagado,Sociis Natoque Penatibus Ltd
Basil Simpson,557-192-4967,H5V 8U3,Departamento legal,En orden,Nulla Facilisi Corporation
Francesca Morin,555-795-6653,H5D 4M3,Departamento legal,En orden,Semper LLC
Aristotle Walls,553-584-2435,H5A 5X3,Investigación y desarrollo,En orden,Imperdiet Erat Nonummy LLC
Cairo Hall,559-242-2901,H4T 4O7,Publicidad,Pagado,Lorem Corporation
Tatum Cummings,550-169-4506,H4B 5J0,Finanzas,En orden,Mauris Blandit Mattis LLC
Indigo Adams,552-107-8804,H3H 9Q9,Ventas y Mercadotécnia,En orden,Rutrum Lorem Associates
Oprah Simon,559-994-1911,H2P 2A0,Gestión de activos,En orden,Nullam Scelerisque Neque Inc.
Mohammad Ford,556-719-4197,H1O 0Z4,Gestión de activos,En orden,Ultrices Duis Ltd
Katell Kinney,550-568-1521,H1K 3P1,Gestión de activos,En orden,Amet Ornare Ltd
Jade Norman,553-391-2432,H0P 5N4,Atención al cliente,Pagado,Sed Auctor Odio Limited
Quintessa Ratliff,550-730-9764,H0K 3A9,Ventas y Mercadotécnia,En orden,Ornare Facilisis Eget Associates
Tate Cross,555-483-4298,H0D 5X0,Gestión de la calidad,En orden,Sed PC
Vielka Espinoza,558-558-2096,G8Q 0X6,Recursos humanos,Pagado,Congue In Scelerisque Inc.
Keelie Webster,558-152-9356,G8O 8H6,Publicidad,Pagado,Fusce Diam Nunc Incorporated
Hunter Hatfield,551-597-5087,G7A 1K5,Nóminas,En orden,Eget Metus Incorporated
Basil Simpson,553-352-5280,G6W 5U3,Gestión de activos,Pagado,Nunc Id Associates
Dexter Cannon,555-877-9147,G6O 7F0,Relaciones con los medios,Pagado,Tellus Id Consulting
Acton Head,558-511-9358,G6L 5M3,Gestión de la calidad,En orden,Consectetuer Ipsum Company
Cedric Chang,553-306-9204,G5X 1J9,Finanzas,Pagado,Risus Varius Foundation
Tanner Owens,555-968-2635,G5P 4U9,Soporte técnico,En orden,Pellentesque Sed Inc.
Hollee Cruz,552-442-9420,G5B 9D0,Nóminas,Pagado,Ligula Elit LLC
Desiree Collins,550-282-9897,G4T 4T1,Relaciones con los medios,En orden,Erat Institute
Jolene Oneal,555-154-8386,G4S 6M9,Nóminas,En orden,Ridiculus Mus Institute
Keelie Giles,557-762-5337,G4Q 0I9,Relaciones con los medios,En orden,Nibh Aliquam Inc.
Craig Hendrix,556-175-5338,G4P 4O8,Nóminas,En orden,Leo Vivamus Company
Ezekiel Berger,554-481-4903,G4N 2U6,Finanzas,Pagado,Sit LLC
Tyrone Hunter,558-788-7396,G3D 1I3,Relaciones con los medios,Pagado,Sodales Purus Inc.
Hannah Velazquez,550-260-8819,G2S 2N5,Soporte técnico,Pagado,Nascetur Ridiculus Mus Incorporated
Flynn Farmer,559-376-9913,G2O 7J3,Finanzas,En orden,Non Egestas Incorporated
Inez Reeves,550-117-1956,G2I 3D7,Ventas y Mercadotécnia,En orden,Mi Company
Ross Austin,556-510-9329,G2A 3I9,Gestión de activos,En orden,Nunc Ullamcorper Institute
Emery Solis,556-344-1962,G1Y 1A1,Relaciones públicas,Pagado,Ultrices Limited
Montana Wilcox,558-644-4816,G1M 9B7,Atención al cliente,En orden,Sed Pede Nec LLC
Sybil Tate,559-744-7246,G1I 9I3,Nóminas,Pagado,Imperdiet Non Vestibulum Incorporated
Oren Hancock,559-804-9304,G0E 0D0,Soporte técnico,En orden,Tristique Incorporated
Mufutau Martin,550-551-4467,F9Q 6I5,Publicidad,En orden,Erat Semper Rutrum Company
Dylan Beck,555-977-7365,F9M 2J0,Gestión de activos,Pagado,Ut Institute
Igor Crawford,553-477-2786,F9I 3Y4,Soporte técnico,En orden,Sociis Natoque Penatibus Inc.
Simon Goodwin,550-792-0233,F8O 0F8,Gestión de la calidad,En orden,Orci Donec Consulting
Keith Burch,552-880-0991,F8F 6V9,Relaciones públicas,En orden,Vel Quam Consulting
Rashad Mccall,552-597-1014,F7Z 0U5,Relaciones con los medios,En orden,Lacus Corporation
Fiona Benton,554-235-5656,F7T 9J3,Ventas y Mercadotécnia,Pagado,Quisque Nonummy Ipsum LLC
Samantha Ratliff,557-574-4128,F7S 4Z7,Relaciones públicas,Pagado,Diam Dictum Sapien Consulting
Jaime Foley,555-396-2736,F6A 0B9,Gestión de activos,En orden,Sodales Nisi Associates
Upton Lang,552-491-8447,F5J 4O5,Gestión de activos,Pagado,Vitae Sodales Nisi Consulting
Garrett Schultz,551-820-7802,F4G 3I6,Contabilidad,Pagado,Lobortis Foundation
Macon Horne,552-426-9738,F3H 9N6,Investigación y desarrollo,Pagado,Tincidunt Orci Company
Wendy Chapman,557-983-0286,F3C 8K9,Relaciones con los medios,Pagado,Donec Sollicitudin Incorporated
Grady Morrow,556-193-0236,F1Y 7P2,Recursos humanos,Pagado,Rutrum Foundation
Emerson Briggs,554-315-3236,F0S 3Q6,Nóminas,En orden,Duis Elementum Dui PC
Bradley Watkins,557-914-4076,E9U 9F3,Recursos humanos,Pagado,Cras Interdum Corp.
Chelsea Ingram,555-599-7977,E9J 6D9,Relaciones públicas,En orden,Dictum Ultricies Ligula LLC
Gavin Holman,556-999-3843,E8M 2J0,Soporte técnico,En orden,Quam Vel LLC
Chiquita Snider,556-261-0643,E7X 4N1,Relaciones con los medios,En orden,Ultrices A Institute
Fletcher Herring,550-397-7035,E7X 0U1,Contabilidad,En orden,Ornare Inc.
Cailin Good,551-311-2130,E6N 3U6,Relaciones con los medios,En orden,Tincidunt Aliquam Corporation
Gay Dunlap,557-983-1158,E5Z 6Q7,Recursos humanos,Pagado,Cras Incorporated
Inez Robbins,554-988-6660,E5X 0H3,Recursos humanos,En orden,Purus In PC
Thaddeus Walton,556-474-3836,E5Q 0J6,Recursos humanos,Pagado,Non Lacinia At Incorporated
Anastasia Hayden,557-482-6649,E5N 7S1,Atención al cliente,En orden,Purus Ac Company
Madaline Lott,554-279-7986,E5N 2O1,Nóminas,Pagado,Lectus Limited
Bryar Roach,558-620-3693,E5L 2N6,Departamento legal,Pagado,Lectus Pede Industries
Laurel Chandler,551-517-9483,E5J 7L6,Atención al cliente,Pagado,Nulla Integer Vulputate Corporation
Patrick Woodard,555-216-1123,E5H 0D9,Gestión de activos,Pagado,Ullamcorper Duis Company
Gage Harris,551-736-1790,E5E 8S3,Gestión de la calidad,Pagado,Eget Tincidunt Institute
Melvin Maldonado,557-545-9498,E4Z 6D5,Recursos humanos,Pagado,Nec Orci Donec Company
Graham Glover,554-462-2752,E4P 0L8,Finanzas,En orden,Phasellus Dapibus Quam Industries
Driscoll Castro,553-446-0514,E4E 6M0,Recursos humanos,En orden,Augue Ac PC
Gloria Nolan,550-393-7264,E3W 9Z3,Publicidad,Pagado,Aliquam Enim Nec Foundation
Flynn Cote,558-686-5284,E3V 7M6,Investigación y desarrollo,En orden,Orci Associates
Lawrence Goodman,556-151-6556,E3V 2D6,Relaciones públicas,Pagado,Fusce Corporation
Dylan Jones,556-525-7481,E2A 5C9,Nóminas,En orden,Mi Associates
Steel Reilly,557-826-6574,E0W 1X8,Gestión de activos,Pagado,Risus LLP
Linus Terry,558-507-0352,E0Q 9B1,Contabilidad,En orden,Primis Ltd
Lois Maldonado,557-799-3284,E0Q 2I7,Publicidad,En orden,Libero Morbi Accumsan Institute
Brenna Wiggins,553-889-7121,D9Y 5K5,Gestión de activos,En orden,In Tincidunt Congue Limited
Justin James,554-100-0580,D8X 9T5,Atención al cliente,En orden,Sit Amet Company
Mercedes Hancock,550-833-7214,D8I 3C2,Gestión de la calidad,Pagado,Auctor Ullamcorper Nisl Associates
Britanni Ayala,556-437-9648,D7D 0E1,Contabilidad,En orden,Aptent LLC
Dakota Burks,555-227-7535,D6Z 0B5,Finanzas,En orden,Lorem Eget Mollis Consulting
Troy Joseph,556-953-6841,D6D 8S6,Publicidad,Pagado,Bibendum Ltd
Justine Fischer,557-379-5952,D5Z 0C0,Ventas y Mercadotécnia,Pagado,Accumsan Neque Et LLP
Beverly Rocha,551-692-0616,D5W 3O5,Relaciones públicas,Pagado,Ut Nulla Associates
Zeph Forbes,555-333-5543,D5T 7F8,Finanzas,Pagado,Lectus Pede Et Corp.
Nichole Kaufman,557-571-0251,D5S 6P4,Relaciones públicas,En orden,Auctor Foundation
Brianna Montgomery,556-899-9403,D5C 9V4,Atención al cliente,En orden,Ultricies Ligula Consulting
Jada Whitney,551-982-9260,D4L 8X0,Soporte técnico,Pagado,Rutrum Incorporated
Devin Ellison,559-152-6495,D4F 1E8,Investigación y desarrollo,Pagado,Molestie Consulting
Kasimir Cabrera,558-308-5669,D3Q 7O1,Departamento legal,Pagado,Lorem Ipsum Dolor LLC
Yuli Michael,557-104-2261,D3O 9T0,Recursos humanos,En orden,Metus Vitae Velit Foundation
Wallace Castillo,552-511-3080,D3E 2O9,Relaciones públicas,Pagado,Nunc Mauris Industries
Kyra Merrill,550-281-7648,D2I 8I4,Relaciones con los medios,En orden,Non Feugiat Corp.
Hyatt Stevenson,553-523-6328,D1K 3U6,Publicidad,En orden,Scelerisque LLC
Justine Fischer,552-516-4789,D1G 6Z7,Investigación y desarrollo,En orden,Purus Inc.
Lara Sweeney,556-983-6382,C8O 4U5,Gestión de activos,Pagado,Nunc Ullamcorper Ltd
Mason Lancaster,559-130-2480,C7J 7R8,Recursos humanos,Pagado,Felis Eget LLP
Brian Henson,559-318-4733,C7A 3C1,Ventas y Mercadotécnia,En orden,Vel Convallis In Consulting
Cade Hansen,558-789-7676,C6S 5F4,Recursos humanos,En orden,Mauris Ipsum Porta PC
Clinton Workman,554-747-2587,C6K 1I0,Recursos humanos,En orden,Pellentesque Tincidunt Tempus Corp.
Price Noel,553-135-0247,C5X 4A5,Gestión de activos,En orden,Elementum Ltd
Vladimir Flynn,550-867-1364,C5P 2W3,Departamento legal,Pagado,Sed LLC
Kylynn Leblanc,550-198-1921,C5D 9Y8,Gestión de la calidad,Pagado,Risus Nunc LLP
Ashton Phillips,555-420-7183,C4C 5W3,Gestión de la calidad,Pagado,Ipsum Incorporated
Bevis Bush,552-817-2302,C4B 5T9,Contabilidad,En orden,Quis Lectus Institute
Cally Mcmahon,558-468-4649,C4B 5B4,Contabilidad,Pagado,Ipsum Associates
Clare Moon,555-132-1795,C4A 0M5,Ventas y Mercadotécnia,En orden,Laoreet Posuere Enim Inc.
Hilel Burch,558-308-8094,C3X 6O3,Atención al cliente,En orden,Donec Feugiat Metus Consulting
Mari Benjamin,557-225-4267,C3V 7L3,Investigación y desarrollo,En orden,Enim Curabitur Limited
Drake Simon,555-897-2739,C3E 1Y0,Publicidad,Pagado,Elementum At Egestas Industries
Ginger Wilkins,559-881-1800,C2P 6O2,Recursos humanos,En orden,Vitae Incorporated
Cole Knight,559-150-2302,C1Y 9Y4,Recursos humanos,En orden,Quam Institute
Cora Watkins,553-130-6989,C1Y 4G8,Publicidad,En orden,Pede Ltd
Harding Boyd,555-570-1181,C1S 1W5,Soporte técnico,Pagado,Dolor Foundation
Colette Franco,550-509-6353,C1R 9W9,Atención al cliente,Pagado,Vel Faucibus Consulting
Brenda Chambers,552-913-7775,C1P 8Z6,Relaciones públicas,En orden,Gravida Corporation
Kenyon Lang,553-578-7692,C1N 6T7,Atención al cliente,Pagado,Sed Industries
Thaddeus Walton,556-616-6726,C0Z 3K0,Investigación y desarrollo,En orden,Urna Justo Faucibus LLP
Marah Atkins,556-451-4211,C0H 7W7,Soporte técnico,En orden,At Nisi Corporation
Craig Pearson,554-799-7719,B9U 7B6,Departamento legal,Pagado,Et Inc.
Jacob Cameron,559-911-4154,B9U 2B6,Gestión de activos,En orden,Parturient Limited
Arsenio Solis,550-673-9282,B7C 7L2,Contabilidad,En orden,Vitae Corp.
Bianca Price,555-636-4886,B6U 6S9,Ventas y Mercadotécnia,Pagado,Dictum Corporation
Wallace Ortiz,550-206-2277,B6S 8D3,Gestión de activos,Pagado,Nibh Lacinia Orci Corp.
Harlan Stewart,558-292-6792,B6O 2S5,Publicidad,Pagado,Tristique Ac Foundation
Xenos Taylor,550-549-3418,B5X 8W3,Finanzas,Pagado,Fringilla Est Ltd
Madison Merrill,557-358-2420,B4X 7I5,Ventas y Mercadotécnia,En orden,Nam Consequat Dolor Consulting
Amal Ferguson,551-847-8918,B4Q 4H0,Soporte técnico,En orden,A Associates
Clarke Mcdonald,553-121-1106,B4O 0Y6,Investigación y desarrollo,Pagado,Sollicitudin Orci Industries
Amir Kim,552-686-8664,B3W 9A3,Soporte técnico,En orden,Iaculis Aliquet Ltd
Ira Mclean,551-885-0113,B3R 0M4,Recursos humanos,En orden,Eleifend Non Corp.
Justine Roach,555-192-3477,B3I 3R3,Contabilidad,En orden,Nec Corp.
Guy Farrell,559-836-3804,B2X 5J0,Publicidad,Pagado,Montes Nascetur Ridiculus Industries
Flynn Hays,556-913-8592,B1S 7N6,Relaciones públicas,Pagado,Suspendisse LLP
Deirdre Kramer,550-507-8414,B1Q 8L1,Gestión de la calidad,Pagado,Penatibus Inc.
Kalia Wise,555-992-9889,B1E 6V8,Recursos humanos,Pagado,Lacinia At Iaculis LLP
Rowan Zimmerman,552-138-9597,A9P 0N0,Relaciones con los medios,En orden,Auctor Corp.
Jada Finley,550-165-5765,A8T 3V4,Recursos humanos,En orden,Integer Limited
Chastity Norton,556-707-2399,A8L 6G6,Nóminas,En orden,Ornare Libero At Foundation
Thaddeus Walton,556-474-3836,A7U 1L0,Finanzas,Pagado,Vitae Posuere PC
Iona Larsen,552-491-1536,A7T 4F0,Gestión de la calidad,Pagado,Et Ipsum LLP
Echo Mcknight,553-391-2902,A7A 7D9,Departamento legal,En orden,Magna Ut Associates
Baxter Randall,554-479-9737,A6U 4S4,Departamento legal,En orden,Suspendisse Commodo Ltd
Carolyn Ballard,553-688-8134,A6F 9J7,Investigación y desarrollo,En orden,Quisque Purus Sapien Ltd
Griffith Burton,556-360-5480,A6D 9F9,Gestión de activos,Pagado,Nascetur LLC
Portia Kramer,559-746-3185,A6D 3I6,Soporte técnico,Pagado,Eu Consulting
Ivana Mcguire,550-797-1824,A5N 2J5,Gestión de la calidad,Pagado,Mauris Nulla Integer Inc.
Giselle Kelly,555-231-9241,A5E 0O7,Atención al cliente,En orden,Nunc Laoreet Associates
Marshall Hodge,557-225-4267,A4P 5H8,Investigación y desarrollo,Pagado,Ac Mattis Velit Associates
Claire Miller,554-226-2638,A4I 6V4,Atención al cliente,Pagado,Rhoncus PC
Sarah Howe,558-799-1893,A2R 6J3,Relaciones públicas,Pagado,Lorem Donec Elementum PC
Rama Dominguez,552-659-9982,A2K 0V0,Investigación y desarrollo,Pagado,Lobortis Class Aptent Consulting
Keefe Cabrera,550-229-7147,A1W 2T7,Relaciones con los medios,Pagado,Erat PC
Hop Robertson,559-918-7519,A1D 6E8,Departamento legal,En orden,Senectus Corporation
Clementine Ayers,553-298-4896,A0T 7A9,Relaciones públicas,Pagado,Non Quam Incorporated
Tyrone Tran,558-640-2151,A0F 3N6,Finanzas,En orden,Massa Quisque Porttitor Company
