id,anoMes,contrato,noContrato,fechaOc,servicio,nombreCliente,titular,noPoliza,assistance,origen,importe,telefono,placa
1,202203,MAPFRE TEPEYAC AUTO ,47628543999,5/7/2021,COMBUSTIBLE ,MAZDA ,Galvin Miles,16881023 0063,NANCY,Saint Martin,6586,554-184-0736,Z9M 6O1
2,202107,GERNERAL MOTORS - ASISTENCIA ,22483387899,6/21/2021,URGENCIAS HOSPITAL ,MAPFRE SEGUROS ,Shea Douglas,16240114 6085,SUEMY,Mauritania,3626,555-188-1245,Z8M 4O5
3,202205,MAZDA ,21369613099,8/5/2021,AUXILIO VIAL ,MAPFRE SEGUROS ,Gregory Robertson,16740706 9827,CESAR,Isle of Man,7403,557-461-2487,Z6K 9J4
4,202112,MAZDA ,20628125799,8/2/2020,AUXILIO VIAL ,SEGUROS ATLAS ,Garrett Holt,16660618 9923,EDGAR,Slovenia,4976,559-692-1022,Z6K 3M9
5,202204,GERNERAL MOTORS - ASISTENCIA ,63372249099,6/15/2020,AUXILIO VIAL ,MAPFRE SEGUROS ,Eliana Wiggins,16620708 0547,MARISOL,Kenya,261,559-638-5368,Z6B 8M4
6,202201,MAPFRE ESPA헤 - CORRESPONSALIA ,92874762399,3/6/2022,GRUA ,MAPFRE SEGUROS ,Edward Caldwell,16750804 8936,SUEMY,Bahamas,4462,551-913-3933,Z5P 3S3
7,202110,GNP BANCA POR EXPUESTO ,98535046699,9/23/2021,COMBUSTIBLE ,MAZDA ,David Salas,16860425 4584,MARISOL,Estonia,4127,554-681-0750,Z5I 9B1
8,202204,GERNERAL MOTORS - ASISTENCIA ,24582887199,4/1/2021,PAGO DIRECTO ,MAZDA ,Kristen Finley,16710428 2491,EDGAR,Rwanda,1613,551-208-2996,Z4U 1W4
9,202106,GNP SINIESTROS REGULARES,17782660299,4/20/2022,CASETAS ,MAZDA ,Gary Moreno,16180920 4900,CESAR,Western Sahara,1087,550-715-5870,Z3X 9Y1
10,202106,GERNERAL MOTORS - ASISTENCIA ,96729883399,9/9/2020,COMBUSTIBLE ,MAZDA ,McKenzie Valenzuela,16111008 0734,MARISOL,Saint Kitts and Nevis,2132,556-803-4198,Z3T 6W3
11,202202,GNP DESBORDE ,86331507599,6/20/2021,GRUA ,GENERAL MOTORS ,Price Noel,16970102 7154,TANIA,Slovenia,2738,558-528-2095,Z3H 3W4
12,202109,MAPFRE SEGUROS REGULARES ,88292674199,11/23/2020,CASETAS ,SEGUROS ATLAS ,Holly Frank,16231221 2653,MARISOL,Algeria,3586,555-587-5237,Z2Y 5H0
13,202110,SEGUROS ATLAS AUTOS 15-20 A헲S,71447534899,7/22/2020,GRUA ,SEGUROS ATLAS ,Rahim Hendricks,16420117 4614,EDGAR,Cura網o,8250,555-119-9734,Z2X 9H0
14,202203,GERNERAL MOTORS - ASISTENCIA ,91643649199,8/25/2021,GRUA ,MAZDA ,Rahim Hendricks,16560315 2389,EDGAR,Bulgaria,5592,556-389-9246,Z1Z 1S0
15,202108,MAPFRE HOSPITALIZACION FAMILIAR ,23206260699,6/9/2021,PAGO DIRECTO ,GONER,Rahim Hendricks,16630905 2931,TANIA,Viet Nam,5473,552-650-6916,Z1S 7Y7
16,202204,SEGUROS ATLAS AUTOS 15-20 A헲S,43322471999,2/2/2021,AUXILIO VIAL ,MAPFRE SEGUROS ,Daphne Hammond,16911208 3697,EDGAR,Peru,6284,551-130-3811,Z1L 7E8
17,202204,GNP BANCA POR EXPUESTO ,24222808299,11/6/2020,PAGO DIRECTO ,SEGUROS ATLAS ,Whilemina Deleon,16610329 2097,NANCY,Montenegro,7432,559-403-6647,Z1A 0N0
18,202112,MAZDA ,32213688499,1/16/2021,PAGO DIRECTO ,MAZDA ,Cheryl Osborne,16100923 6470,CESAR,Israel,2871,552-191-3051,Z0Z 2I5
19,202201,GNP BANCA POR EXPUESTO ,87968802399,2/24/2022,PAGO DIRECTO ,GONER,Xander Solomon,16270712 5130,SUSANA,Bahrain,1997,559-269-7815,Z0K 6T8
20,202108,MAPFRE HOSPITALIZACION FAMILIAR ,97206101399,1/4/2022,GRUA ,SEGUROS ATLAS ,Ferris Hunt,16830417 7572,EDGAR,"Virgin Islands, United States",7345,552-525-0343,Y9T 2V4
21,202203,GNP SINIESTROS REGULARES,99584337099,1/23/2021,AUXILIO VIAL ,GNP ,Beck Booker,16400903 1693,NANCY,Saint Lucia,6524,551-699-6452,Y9S 1C5
22,202111,SEGUROS ATLAS AUTOS 15-20 A헲S,82934448999,10/29/2021,PAGO DIRECTO ,MAZDA ,Bianca Gillespie,16320218 1032,MARISOL,Yemen,4594,552-829-8766,Z6K 3M9
23,202107,MAPFRE HOSPITALIZACION FAMILIAR ,83427818399,9/18/2021,PAGO DIRECTO ,MAZDA ,Price Noel,16070127 4995,MARISOL,Western Sahara,9053,558-891-8719,Y8Y 6T1
24,202110,MAPFRE HOSPITALIZACION FAMILIAR ,94763862099,4/3/2022,URGENCIAS HOSPITAL ,SEGUROS ATLAS ,Thaddeus Walton,16710428 2491,TANIA,Micronesia,7766,558-364-9533,Y7I 4P6
25,202202,GERNERAL MOTORS - ASISTENCIA ,45348198699,9/9/2020,COMBUSTIBLE ,GONER,Justine Fischer,16220106 2623,NANCY,Eritrea,343,558-898-6660,Y7F 7B2
26,202203,GNP SINIESTROS REGULARES,70201565399,7/1/2020,COMBUSTIBLE ,GENERAL MOTORS ,Justin Russo,16870509 2818,SUEMY,Somalia,1714,555-654-6327,Y5F 5M0
27,202110,MAPFRE ESPA헤 - CORRESPONSALIA ,76937191699,7/14/2021,GRUA ,MAPFRE ASISTENCIA ,Isaac Mckay,16800320 6276,EDGAR,Italy,4144,550-931-9416,Y4Y 8J6
28,202106,MAPFRE TEPEYAC AUTO ,68889189199,2/15/2021,URGENCIAS HOSPITAL ,MAPFRE ASISTENCIA ,Perry Scott,16270418 8099,SUSANA,Czech Republic,1063,550-715-5870,Y4Q 4W9
29,202203,MAPFRE ESPA헤 - CORRESPONSALIA ,96275182699,6/26/2021,COMBUSTIBLE ,SEGUROS ATLAS ,Amery Cochran,16910418 4594,SUEMY,"Korea, North",2579,556-777-8620,Y3Y 4E1
30,202108,GNP SINIESTROS REGULARES,99608299199,3/24/2022,GRUA ,GNP ,Quon Floyd,16590522 4795,MARISOL,Syria,7606,553-175-2307,Y3O 8W5
31,202106,MAZDA ,53482553999,3/13/2022,GRUA ,SEGUROS ATLAS ,Eden Osborn,16700717 7699,SUEMY,Romania,8073,557-885-0173,Y3F 9M1
32,202112,SEGUROS ATLAS AUTOS 15-20 A헲S,844668999,7/13/2021,GRUA ,GENERAL MOTORS ,Erica Gordon,16890918 5871,SUEMY,Rwanda,7735,550-715-5870,Y2C 1Y7
33,202112,MAZDA ,73547595999,2/13/2022,GRUA ,MAPFRE ASISTENCIA ,Nathaniel Berger,16630503 7548,TANIA,Trinidad and Tobago,9550,556-483-0733,Y1S 5O1
34,202105,MAZDA ,68591490899,10/14/2021,CASETAS ,MAZDA ,Nayda Gaines,16010122 4756,EDGAR,Algeria,2522,556-134-9746,Y1S 5O1
35,202109,MAPFRE HOSPITALIZACION FAMILIAR ,79224422699,5/12/2021,COMBUSTIBLE ,MAPFRE SEGUROS ,Natalie Foreman,16630707 9589,CESAR,Togo,2581,552-707-4209,Y1S 5O1
36,202205,GNP SINIESTROS REGULARES,74410007799,2/24/2022,COMBUSTIBLE ,GNP ,Yolanda Maynard,16780318 5805,SUEMY,Suriname,6894,555-869-8130,Y1R 3F9
37,202105,MAPFRE SEGUROS REGULARES ,95459871999,3/19/2021,CASETAS ,MAPFRE SEGUROS ,Emerson Vasquez,16850817 1793,NANCY,Timor-Leste,790,550-715-5870,Y1D 2Z3
38,202105,SEGUROS ATLAS AUTOS 15-20 A헲S,82901760699,12/22/2021,GRUA ,GENERAL MOTORS ,Palmer Bass,16750507 8431,SUEMY,Anguilla,3009,554-127-1982,Z6K 3M9
39,202112,GNP BANCA POR EXPUESTO ,70376452399,5/4/2022,COMBUSTIBLE ,GENERAL MOTORS ,Keefe Travis,16730118 7360,CESAR,New Caledonia,5845,552-733-5300,X9L 5A4
40,202109,GNP SINIESTROS REGULARES,79929979299,6/17/2020,CASETAS ,GENERAL MOTORS ,Ethan Molina,16891130 3314,NANCY,Holy See (Vatican City State),8166,550-359-4092,X8Z 8U4
41,202112,MAPFRE TEPEYAC AUTO ,92954157399,4/25/2021,GRUA ,MAZDA ,Bree Price,16620114 6609,NANCY,Ecuador,282,550-795-8448,X7O 5C6
42,202203,SEGUROS ATLAS AUTOS 15-20 A헲S,20601808699,10/24/2020,PAGO DIRECTO ,GNP ,Mikayla Sloan,16030904 1416,EDGAR,Botswana,1549,552-198-4933,X7B 2D7
43,202109,GNP SINIESTROS REGULARES,68953127899,4/7/2021,CASETAS ,MAPFRE ASISTENCIA ,Jordan Robertson,16051016 6143,TANIA,Czech Republic,942,557-338-7209,X6W 4B2
44,202105,GNP SINIESTROS REGULARES,56911128899,10/30/2020,CASETAS ,SEGUROS ATLAS ,Omar Nash,16850607 9162,SUEMY,Yemen,9530,553-900-7682,X6E 5Q0
45,202111,GERNERAL MOTORS - ASISTENCIA ,46758987099,6/27/2020,AUXILIO VIAL ,GONER,Noah Townsend,16020214 1131,SUEMY,Switzerland,5948,556-207-3987,X5V 7R5
46,202107,GNP BANCA POR EXPUESTO ,67692128299,9/16/2021,AUXILIO VIAL ,MAPFRE ASISTENCIA ,Aquila Mason,16250309 2609,TANIA,Mexico,2286,553-181-8350,X5S 7O3
47,202201,GNP DESBORDE ,15785839299,8/28/2020,CASETAS ,GENERAL MOTORS ,Jemima Foley,16010122 4756,NANCY,Central African Republic,3336,555-771-8999,X5K 9U7
48,202109,SEGUROS ATLAS AUTOS 15-20 A헲S,15819532899,1/10/2021,PAGO DIRECTO ,SEGUROS ATLAS ,Odette Abbott,16330803 4762,EDGAR,Western Sahara,5774,557-591-9785,X4O 1L5
49,202202,MAPFRE TEPEYAC AUTO ,48927823299,6/20/2020,COMBUSTIBLE ,SEGUROS ATLAS ,Cherokee Powers,16270328 7710,EDGAR,Jamaica,6440,559-607-0921,X4C 8L7
50,202107,GNP DESBORDE ,56225803299,4/7/2022,URGENCIAS HOSPITAL ,GONER,Denton Castaneda,16210529 3647,SUEMY,Vanuatu,4385,557-536-2127,X3B 3V2
51,202201,MAPFRE TEPEYAC AUTO ,70738991299,11/28/2021,GRUA ,MAPFRE ASISTENCIA ,Galena Wilkerson,16850607 9162,MARISOL,Libya,9682,559-795-5695,X2I 6M1
52,202202,MAPFRE HOSPITALIZACION FAMILIAR ,8271073699,1/11/2022,AUXILIO VIAL ,MAZDA ,Gretchen Hernandez,16630321 4404,SUEMY,Viet Nam,8881,554-965-2938,X1J 6E0
53,202203,MAPFRE HOSPITALIZACION FAMILIAR ,90378622199,7/8/2020,PAGO DIRECTO ,MAPFRE SEGUROS ,Yoko Shepherd,16420327 4925,MARISOL,Israel,7406,559-968-2745,X0U 8I3
54,202109,MAPFRE HOSPITALIZACION FAMILIAR ,8284924299,2/4/2022,CASETAS ,GENERAL MOTORS ,Gwendolyn Massey,16480206 0766,MARISOL,Switzerland,8808,559-518-2974,W9M 5L7
55,202109,MAPFRE HOSPITALIZACION FAMILIAR ,4331837599,10/19/2021,COMBUSTIBLE ,MAZDA ,Mary Underwood,16700713 5093,CESAR,Switzerland,6233,557-225-4267,W9G 0W2
56,202201,MAZDA ,79576372999,2/5/2021,COMBUSTIBLE ,GONER,Clayton Little,16430723 8784,MARISOL,Malawi,8594,553-653-3870,W8O 3S0
57,202203,GNP BANCA POR EXPUESTO ,54362121199,10/22/2021,COMBUSTIBLE ,GENERAL MOTORS ,Bruno Lamb,16650128 6782,EDGAR,Benin,5441,559-132-9297,W8F 2P2
58,202203,MAPFRE ESPA헤 - CORRESPONSALIA ,36978006599,9/5/2021,PAGO DIRECTO ,MAZDA ,Nichole Sexton,16170314 2529,EDGAR,Costa Rica,3706,557-585-7095,W7Z 0Y5
59,202108,GNP SINIESTROS REGULARES,49243299199,2/26/2021,AUXILIO VIAL ,GONER,Basil Simpson,16370312 1669,SUEMY,Faroe Islands,7973,551-130-2128,W7X 4A1
60,202112,GNP SINIESTROS REGULARES,11931943799,5/2/2021,PAGO DIRECTO ,MAZDA ,Fletcher Anthony,16590906 4817,NANCY,United States Minor Outlying Islands,9308,556-106-1114,W6W 4L0
61,202204,GNP DESBORDE ,48335299499,2/16/2022,PAGO DIRECTO ,GENERAL MOTORS ,Lani Odonnell,16130429 9215,EDGAR,Djibouti,1081,552-468-3766,W6T 0R4
62,202107,MAPFRE ESPA헤 - CORRESPONSALIA ,3214807499,7/3/2021,AUXILIO VIAL ,MAPFRE ASISTENCIA ,Quincy Morrison,16730228 4562,NANCY,Malaysia,8847,555-370-4709,W6R 3X5
63,202105,GNP BANCA POR EXPUESTO ,28964558299,7/10/2021,COMBUSTIBLE ,MAPFRE SEGUROS ,Britanni Wade,16530323 2051,CESAR,Montserrat,6224,553-113-5079,W6O 4O3
64,202203,MAPFRE ESPA헤 - CORRESPONSALIA ,24493656399,1/28/2022,PAGO DIRECTO ,MAPFRE ASISTENCIA ,Nigel Ramsey,16531202 7229,EDGAR,Netherlands,923,557-129-7925,W6H 4X1
65,202110,GERNERAL MOTORS - ASISTENCIA ,66819377299,8/5/2020,COMBUSTIBLE ,SEGUROS ATLAS ,Bianca Burks,16890826 3844,SUSANA,Pitcairn Islands,3875,555-210-8587,W6E 4U2
66,202112,MAPFRE SEGUROS REGULARES ,79275354199,6/17/2020,GRUA ,MAPFRE SEGUROS ,Tad Hudson,16140924 0858,MARISOL,Guadeloupe,6650,550-151-9957,W6C 9U3
67,202203,MAPFRE TEPEYAC AUTO ,8531342099,10/4/2020,GRUA ,MAPFRE ASISTENCIA ,Jarrod Brewer,16300503 0717,NANCY,Slovakia,8568,552-794-9366,W5J 8Y0
68,202204,GNP DESBORDE ,83486638499,2/3/2022,GRUA ,GNP ,Tyler Gallegos,16390526 3012,CESAR,Greenland,2198,555-488-6509,W3Z 9F7
69,202107,GERNERAL MOTORS - ASISTENCIA ,76684661199,3/18/2022,COMBUSTIBLE ,SEGUROS ATLAS ,Odessa Tillman,16070127 4995,CESAR,Central African Republic,9910,553-728-1271,W3V 8E0
70,202109,MAPFRE TEPEYAC AUTO ,33594080599,10/27/2021,PAGO DIRECTO ,SEGUROS ATLAS ,Hadley Mayo,16110230 4530,SUSANA,Tonga,5294,551-959-8499,W2R 9G0
71,202108,MAPFRE ESPA헤 - CORRESPONSALIA ,365152999,9/5/2020,CASETAS ,GONER,Octavia Barton,16291013 1917,CESAR,C進e D'Ivoire (Ivory Coast),8599,551-804-6936,W2A 4Q7
72,202109,MAZDA ,31773894899,7/5/2020,CASETAS ,MAZDA ,Emily Brown,16800424 1041,EDGAR,Mexico,2492,559-521-2194,W1V 2X2
73,202108,GNP DESBORDE ,15594760599,8/11/2020,AUXILIO VIAL ,MAPFRE ASISTENCIA ,Ava Merrill,16150320 9411,MARISOL,Tonga,369,553-268-9206,W1O 7U8
74,202108,GNP SINIESTROS REGULARES,75822477399,10/16/2021,GRUA ,MAPFRE ASISTENCIA ,Amela Hinton,16781203 9944,CESAR,Cameroon,8838,551-984-0411,W1J 0J5
75,202205,MAPFRE TEPEYAC AUTO ,78787689099,2/10/2022,URGENCIAS HOSPITAL ,GONER,Germaine Brown,16320325 5363,SUSANA,Sao Tome and Principe,2296,554-939-0557,W0X 6H4
76,202109,MAPFRE ESPA헤 - CORRESPONSALIA ,98579875799,10/8/2021,AUXILIO VIAL ,SEGUROS ATLAS ,Barry Lancaster,16821220 0516,EDGAR,Central African Republic,4123,556-127-0641,W0X 0H2
77,202109,MAPFRE ESPA헤 - CORRESPONSALIA ,77852536499,4/10/2022,CASETAS ,GENERAL MOTORS ,Caryn Pickett,16920107 4953,EDGAR,Angola,1327,553-688-8134,W0X 0H2
78,202204,GERNERAL MOTORS - ASISTENCIA ,61619603899,1/23/2021,URGENCIAS HOSPITAL ,MAPFRE ASISTENCIA ,Clementine Sosa,16050715 3336,NANCY,Zambia,5775,555-822-8754,V9C 3P9
79,202109,MAPFRE TEPEYAC AUTO ,74977523599,7/15/2020,PAGO DIRECTO ,GNP ,Alma Diaz,16920807 1671,EDGAR,Malaysia,1250,559-774-4735,V9A 4W7
80,202108,GNP DESBORDE ,72783383299,10/19/2020,GRUA ,GENERAL MOTORS ,Adrian Davidson,16340617 9386,SUSANA,Guernsey,2814,554-738-4180,V8Y 2D2
81,202112,GNP DESBORDE ,84965128199,7/11/2020,AUXILIO VIAL ,MAZDA ,Amela Holder,16011219 1895,TANIA,Japan,4807,554-119-6252,V8U 4P8
82,202204,GNP BANCA POR EXPUESTO ,26686838499,12/6/2020,AUXILIO VIAL ,MAPFRE SEGUROS ,Jennifer Roth,16790421 2581,MARISOL,French Southern Territories,9174,554-678-5749,V8P 9K8
83,202105,MAPFRE SEGUROS REGULARES ,96564300899,7/20/2020,AUXILIO VIAL ,GNP ,Seth Richard,16450622 4015,EDGAR,Marshall Islands,1558,554-585-6202,V8C 2U2
84,202202,MAPFRE SEGUROS REGULARES ,10592779799,1/4/2021,PAGO DIRECTO ,GENERAL MOTORS ,Thaddeus Walton,16870509 2818,SUSANA,Serbia,8357,556-474-3836,V7W 3R6
85,202205,MAPFRE SEGUROS REGULARES ,31839978499,12/2/2021,COMBUSTIBLE ,MAPFRE ASISTENCIA ,Rooney Sampson,16270101 3951,EDGAR,Suriname,6496,557-649-8454,V7A 6G4
86,202107,GNP DESBORDE ,82983821099,6/25/2020,COMBUSTIBLE ,MAZDA ,Basil Olsen,16390325 3742,CESAR,Solomon Islands,6838,558-335-8190,V5H 6T5
87,202202,MAPFRE TEPEYAC AUTO ,69277249899,6/16/2020,COMBUSTIBLE ,GONER,Anthony Dennis,16320509 8944,MARISOL,French Polynesia,5254,552-402-5087,V4K 8X7
88,202111,MAZDA ,71833948199,12/20/2020,PAGO DIRECTO ,GNP ,Caryn Hayes,16681019 1525,CESAR,Ecuador,4946,557-267-4743,V4F 4J9
89,202111,MAPFRE SEGUROS REGULARES ,43483908399,10/30/2021,PAGO DIRECTO ,MAPFRE SEGUROS ,Yuri Schneider,16090115 6364,SUSANA,Brazil,8289,558-470-5445,V3M 8F2
90,202110,GNP SINIESTROS REGULARES,29372971199,6/30/2020,CASETAS ,SEGUROS ATLAS ,Fleur Fletcher,16090313 8303,TANIA,Singapore,4493,556-134-9315,V2X 2M9
91,202108,GNP BANCA POR EXPUESTO ,46397485699,6/9/2021,PAGO DIRECTO ,MAPFRE ASISTENCIA ,Mariko Villarreal,16361020 2271,TANIA,Zambia,7548,557-225-4267,V2I 3T5
92,202201,MAPFRE ESPA헤 - CORRESPONSALIA ,11861666399,3/16/2021,AUXILIO VIAL ,GENERAL MOTORS ,Paki Sharpe,16670504 4946,NANCY,Nauru,9515,552-125-8542,V2G 7P7
93,202205,MAPFRE SEGUROS REGULARES ,10588748799,5/1/2021,CASETAS ,GENERAL MOTORS ,Inez Moody,16570910 4912,EDGAR,"Congo, the Democratic Republic of the",7630,551-507-4905,V2B 3N4
94,202203,GNP DESBORDE ,18623619499,10/22/2020,AUXILIO VIAL ,MAZDA ,September Gay,16960819 0717,TANIA,Suriname,3709,557-695-8512,V1T 6L5
95,202107,MAPFRE SEGUROS REGULARES ,8438702899,7/1/2021,COMBUSTIBLE ,GNP ,Sean Kemp,16590614 0776,SUSANA,Barbados,3774,557-208-3936,V1T 6L5
96,202107,MAPFRE SEGUROS REGULARES ,62655778099,4/29/2021,CASETAS ,GONER,Serena Dyer,16321019 0777,SUSANA,South Georgia and The South Sandwich Islands,8872,557-148-7037,V1T 6L5
97,202110,MAZDA ,24869690199,12/13/2021,CASETAS ,MAZDA ,Serina Morrow,16610711 9361,MARISOL,Peru,7354,553-307-8623,V1T 6L5
98,202201,GERNERAL MOTORS - ASISTENCIA ,52530749499,5/28/2020,GRUA ,GENERAL MOTORS ,Serina Spencer,16531204 8647,SUEMY,Cameroon,9171,551-350-3725,V1T 6L5
99,202111,MAPFRE ESPA헤 - CORRESPONSALIA ,5855435399,3/11/2021,AUXILIO VIAL ,MAZDA ,Selma Romero,16430613 0206,NANCY,Colombia,2582,550-855-8544,V1T 6L5
100,202204,MAPFRE HOSPITALIZACION FAMILIAR ,79474511599,5/26/2021,COMBUSTIBLE ,MAZDA ,Quynn Lancaster,16030823 9482,EDGAR,Tuvalu,9835,555-816-6618,V0N 7R6
101,202108,SEGUROS ATLAS AUTOS 15-20 A헲S,19901234599,4/8/2022,AUXILIO VIAL ,GNP ,Akeem Webster,16620701 5972,TANIA,Azerbaijan,8261,550-824-4338,V0N 1N1
102,202106,GNP DESBORDE ,16214654199,6/3/2020,CASETAS ,GNP ,Yvonne Mccall,16950623 3262,NANCY,Cameroon,1041,553-729-5099,U9Z 6G9
103,202109,MAPFRE ESPA헤 - CORRESPONSALIA ,27228913599,7/22/2021,URGENCIAS HOSPITAL ,MAZDA ,Vivian Cooke,16450922 4954,MARISOL,Canada,9703,550-526-5513,U9M 7J8
104,202201,GNP BANCA POR EXPUESTO ,91749253699,3/2/2021,URGENCIAS HOSPITAL ,SEGUROS ATLAS ,Matthew Knapp,16990528 3967,CESAR,South Sudan,9238,552-419-6719,U8V 5T1
105,202203,MAPFRE SEGUROS REGULARES ,45583025799,3/11/2022,CASETAS ,MAZDA ,Alexa West,16610423 0476,NANCY,Madagascar,1195,556-102-3099,U8R 9D6
106,202109,GNP DESBORDE ,83555757399,7/13/2020,PAGO DIRECTO ,MAPFRE SEGUROS ,Beck Small,16430514 8324,SUEMY,Cambodia,1941,557-915-2144,U8G 2M6
107,202106,GNP SINIESTROS REGULARES,59773278199,10/4/2021,URGENCIAS HOSPITAL ,GNP ,Gregory Kirby,16700717 7699,SUEMY,Australia,5984,559-601-3595,U7O 7Y4
108,202204,MAPFRE TEPEYAC AUTO ,34498570099,3/1/2021,PAGO DIRECTO ,MAPFRE ASISTENCIA ,Ali Alexander,16730401 5030,SUEMY,Jersey,7452,558-462-2930,U7H 3K1
109,202201,MAPFRE SEGUROS REGULARES ,35808060899,2/20/2021,GRUA ,GNP ,Jordan Hull,16840412 8970,NANCY,Oman,1168,555-374-1920,U6G 4J8
110,202205,MAPFRE TEPEYAC AUTO ,12436778099,6/16/2021,URGENCIAS HOSPITAL ,SEGUROS ATLAS ,Germaine Dejesus,16320113 1004,TANIA,Latvia,8031,557-714-2474,U5N 5F8
111,202201,MAPFRE ESPA헤 - CORRESPONSALIA ,80972333199,9/19/2020,COMBUSTIBLE ,MAZDA ,Hayley Morin,16780309 4346,SUSANA,Namibia,9257,551-847-8918,U5J 3O3
112,202203,GNP SINIESTROS REGULARES,30998946499,12/9/2020,PAGO DIRECTO ,SEGUROS ATLAS ,Marshall Mcfarland,16970805 3658,MARISOL,Niger,314,557-225-4267,U5I 9Z1
113,202110,MAZDA ,75961475399,1/13/2022,PAGO DIRECTO ,GENERAL MOTORS ,Upton Booth,16830125 5488,CESAR,El Salvador,8832,554-912-2456,U5I 7J6
114,202107,GERNERAL MOTORS - ASISTENCIA ,7868865699,3/2/2022,AUXILIO VIAL ,GNP ,Hadassah Castro,16301018 9714,TANIA,Zimbabwe,4096,554-378-9734,U5A 7K1
115,202111,GNP SINIESTROS REGULARES,16722019399,3/17/2022,URGENCIAS HOSPITAL ,MAZDA ,Heather Garrett,16000529 2867,NANCY,Portugal,4116,552-262-9624,U4G 8J8
116,202108,GERNERAL MOTORS - ASISTENCIA ,97259850099,9/15/2020,URGENCIAS HOSPITAL ,SEGUROS ATLAS ,Rooney Edwards,16370806 3270,CESAR,Oman,4163,556-630-3923,U3N 1T1
117,202203,GNP BANCA POR EXPUESTO ,75640171599,3/22/2022,AUXILIO VIAL ,GNP ,Beau Miles,16930819 3649,SUEMY,Belarus,715,551-933-8971,U3M 7R1
118,202108,MAZDA ,22321041299,8/4/2021,AUXILIO VIAL ,MAPFRE ASISTENCIA ,Xena Stephenson,16181211 6711,TANIA,Laos,667,559-269-7815,U3D 9U5
119,202204,MAPFRE HOSPITALIZACION FAMILIAR ,37359443299,11/14/2020,PAGO DIRECTO ,GENERAL MOTORS ,Robin Frazier,16971224 2149,CESAR,Gabon,3894,554-800-6608,U1Z 7Y6
120,202110,SEGUROS ATLAS AUTOS 15-20 A헲S,76351078499,5/30/2021,GRUA ,SEGUROS ATLAS ,Aubrey Barnett,16660817 3941,NANCY,Mayotte,2269,557-124-7116,U1P 3M7
121,202111,GNP DESBORDE ,35238024399,10/2/2020,GRUA ,MAZDA ,Baker Silva,16100319 1275,TANIA,Zimbabwe,520,556-162-7048,U1H 0R7
122,202201,GERNERAL MOTORS - ASISTENCIA ,59318303799,5/17/2022,GRUA ,MAPFRE SEGUROS ,Coby Grimes,16040214 7144,NANCY,Gibraltar,6286,554-970-4240,U0Z 8Y1
123,202107,MAPFRE TEPEYAC AUTO ,95494105699,5/28/2022,URGENCIAS HOSPITAL ,SEGUROS ATLAS ,Justine Fischer,16840121 5978,CESAR,Moldova,2335,558-288-1861,U0K 1T9
124,202108,GERNERAL MOTORS - ASISTENCIA ,6299886499,5/4/2021,PAGO DIRECTO ,MAPFRE ASISTENCIA ,Lila Talley,16220127 2545,CESAR,Philippines,7468,555-545-9379,U0I 9C8
125,202111,MAPFRE TEPEYAC AUTO ,15478173699,2/6/2021,COMBUSTIBLE ,SEGUROS ATLAS ,Mallory Delaney,16330827 8328,TANIA,Somalia,2959,552-896-9987,T8Y 4W7
126,202203,GERNERAL MOTORS - ASISTENCIA ,54376534799,3/27/2022,GRUA ,GONER,Guy Gibbs,16960819 0717,MARISOL,Burkina Faso,2746,558-375-4776,T8I 9I0
127,202205,GNP BANCA POR EXPUESTO ,34941990899,9/7/2021,GRUA ,GONER,Gage Waller,16410603 8195,CESAR,Ireland,4986,558-755-3885,T8G 6C0
128,202109,GNP SINIESTROS REGULARES,57254115099,1/16/2022,AUXILIO VIAL ,GNP ,Clementine Mcdowell,16710721 1174,NANCY,Afghanistan,4580,550-638-5696,T7R 2N4
129,202201,GNP BANCA POR EXPUESTO ,63964894999,11/9/2021,CASETAS ,GONER,Orlando Shepherd,16070901 1894,TANIA,Paraguay,7055,551-597-8907,T7L 7O4
130,202202,MAPFRE ESPA헤 - CORRESPONSALIA ,78511954999,1/18/2021,PAGO DIRECTO ,MAZDA ,Sade Stark,16750614 2145,MARISOL,Monaco,2451,555-143-1892,T7D 4N8
131,202201,GERNERAL MOTORS - ASISTENCIA ,21653139399,9/10/2020,URGENCIAS HOSPITAL ,GENERAL MOTORS ,Aspen English,16050314 7126,TANIA,"Congo, the Democratic Republic of the",9346,552-295-3452,T6Y 5W1
132,202106,MAPFRE SEGUROS REGULARES ,90322997599,2/21/2022,GRUA ,MAPFRE ASISTENCIA ,Ora Ross,16781203 9944,EDGAR,Mongolia,4549,550-415-2016,T6Q 8O6
133,202109,MAZDA ,64843188299,5/4/2022,CASETAS ,MAZDA ,Kareem Kramer,16190608 7745,CESAR,Kazakhstan,3844,558-926-3235,T6L 5L8
134,202204,MAPFRE TEPEYAC AUTO ,54366611599,4/2/2021,PAGO DIRECTO ,MAZDA ,Rama Goodwin,16150102 6452,TANIA,Guinea,5871,558-951-7330,T6L 3Q3
135,202106,MAPFRE HOSPITALIZACION FAMILIAR ,59232345399,3/26/2022,PAGO DIRECTO ,GENERAL MOTORS ,Hall Espinoza,16350518 3651,CESAR,Reunion,5471,552-504-2255,T6E 4Z5
136,202205,GNP DESBORDE ,90307172999,10/1/2021,GRUA ,MAPFRE ASISTENCIA ,Axel Stephens,16930109 8464,EDGAR,Luxembourg,8050,556-626-4115,T6A 3U4
137,202108,MAPFRE SEGUROS REGULARES ,80605701499,1/13/2022,URGENCIAS HOSPITAL ,GNP ,Olympia Velez,16720901 4641,NANCY,Nigeria,6306,559-848-4871,T6A 3D3
138,202205,SEGUROS ATLAS AUTOS 15-20 A헲S,45614558699,1/30/2022,AUXILIO VIAL ,GNP ,Libby Gross,16130906 5850,SUEMY,Egypt,8168,558-347-3023,T5J 5C4
139,202107,GNP SINIESTROS REGULARES,17309420899,6/11/2021,GRUA ,SEGUROS ATLAS ,Wendy Leach,16260410 1036,SUSANA,Saint Martin,6570,557-662-8228,T5I 1D1
140,202112,MAPFRE TEPEYAC AUTO ,35516306399,9/20/2021,PAGO DIRECTO ,SEGUROS ATLAS ,Neville Barnes,16570620 7973,EDGAR,Niger,1238,559-387-4887,T5G 9J8
141,202204,MAPFRE HOSPITALIZACION FAMILIAR ,47825025299,6/13/2021,GRUA ,MAPFRE SEGUROS ,Fletcher Kirkland,16630113 4539,EDGAR,Bulgaria,5946,558-847-4562,T5F 3Q2
142,202111,GNP DESBORDE ,84845117599,4/18/2022,COMBUSTIBLE ,SEGUROS ATLAS ,Holly Stafford,16990602 7793,TANIA,Cambodia,9385,554-849-8075,T4Y 9G1
143,202105,MAZDA ,68891345099,4/7/2022,GRUA ,MAZDA ,Paloma Conley,16760526 8577,MARISOL,Kyrgyzstan,5247,552-390-7157,T4A 1D7
144,202202,GNP SINIESTROS REGULARES,6425262099,2/1/2022,COMBUSTIBLE ,MAZDA ,Abigail Klein,16710129 0497,EDGAR,United States Minor Outlying Islands,1018,553-824-1120,T3O 0Z4
145,202204,GNP SINIESTROS REGULARES,13799227099,6/14/2020,GRUA ,GONER,Bertha Foster,16940212 8756,NANCY,Bermuda,5230,556-832-6912,T2X 9B0
146,202201,MAPFRE HOSPITALIZACION FAMILIAR ,76992013899,6/11/2020,COMBUSTIBLE ,MAZDA ,Gavin Sawyer,16080422 5795,SUSANA,Bangladesh,8959,556-931-1967,T2W 3E2
147,202106,MAPFRE TEPEYAC AUTO ,30303225999,5/3/2022,COMBUSTIBLE ,GNP ,Ciara Gill,16430410 4120,SUSANA,Aruba,8821,556-172-6540,T2P 2G1
148,202201,GNP DESBORDE ,14606220999,2/7/2022,GRUA ,GONER,Willow Knapp,16050708 3798,SUSANA,Djibouti,868,559-627-1811,T1R 1V3
149,202202,MAPFRE SEGUROS REGULARES ,80702586499,3/29/2022,PAGO DIRECTO ,GENERAL MOTORS ,Blaze Knowles,16700526 8482,CESAR,Christmas Island,3665,551-118-9327,T1E 6D2
150,202109,GNP BANCA POR EXPUESTO ,33491898799,7/19/2020,GRUA ,SEGUROS ATLAS ,Jared Howell,16771211 6388,SUSANA,Vanuatu,372,556-972-9564,T0X 6P8
151,202204,MAPFRE HOSPITALIZACION FAMILIAR ,53485133099,5/18/2021,COMBUSTIBLE ,MAZDA ,Christine Frye,16990205 9774,EDGAR,Niger,6784,554-759-7702,T0Q 4Q6
152,202108,GNP DESBORDE ,76975109299,12/10/2020,COMBUSTIBLE ,MAPFRE SEGUROS ,August Talley,16660811 9423,EDGAR,Macedonia,6680,551-545-2107,T0N 7C6
153,202203,GNP DESBORDE ,60500977099,12/30/2021,COMBUSTIBLE ,GONER,Castor Kennedy,16780229 6991,MARISOL,Singapore,9369,559-945-5374,T0L 2B6
154,202111,MAPFRE ESPA헤 - CORRESPONSALIA ,65459226399,8/21/2020,PAGO DIRECTO ,MAZDA ,Amy Bond,16500211 6068,TANIA,Iran,7700,551-934-2066,T0I 3F7
155,202111,GNP SINIESTROS REGULARES,8432498799,3/10/2021,GRUA ,SEGUROS ATLAS ,Lacota Roberts,16620529 2599,TANIA,Macedonia,684,557-866-4385,T0H 9Q9
156,202109,GNP BANCA POR EXPUESTO ,1752668199,6/14/2021,CASETAS ,GNP ,Iola Owen,16481027 1033,TANIA,Malta,6373,557-992-4114,T0G 9J5
157,202110,GNP BANCA POR EXPUESTO ,86963729699,12/28/2021,CASETAS ,GENERAL MOTORS ,Ashely Moreno,16810229 8224,TANIA,Austria,7421,553-961-5035,S9P 2H4
158,202202,GERNERAL MOTORS - ASISTENCIA ,64206613199,3/9/2022,COMBUSTIBLE ,GONER,Odysseus Moss,16741208 8671,SUSANA,"Korea, South",5227,552-267-9996,S8N 8U7
159,202108,GERNERAL MOTORS - ASISTENCIA ,53819218199,6/24/2020,PAGO DIRECTO ,MAZDA ,Alexis Rose,16991103 6011,NANCY,Gambia,2418,554-993-9313,S8G 7I7
160,202112,SEGUROS ATLAS AUTOS 15-20 A헲S,56926737999,7/30/2021,PAGO DIRECTO ,GENERAL MOTORS ,Claire Sanders,16290317 0799,SUSANA,Angola,2027,555-941-1745,S6V 9U7
161,202110,MAPFRE TEPEYAC AUTO ,17258326599,2/13/2021,PAGO DIRECTO ,GONER,Forrest Crawford,16701130 5351,SUSANA,Andorra,1673,554-342-2933,S6T 9E2
162,202204,SEGUROS ATLAS AUTOS 15-20 A헲S,22776540799,12/13/2020,AUXILIO VIAL ,MAZDA ,Kai Bridges,16761010 8180,MARISOL,Georgia,4149,553-747-0042,S6O 5G0
163,202204,GNP DESBORDE ,17436458699,3/23/2022,PAGO DIRECTO ,MAPFRE ASISTENCIA ,Tate Holder,16111014 3904,SUEMY,Kyrgyzstan,2510,553-719-9380,S6K 4Y3
164,202111,SEGUROS ATLAS AUTOS 15-20 A헲S,42640965399,1/3/2022,URGENCIAS HOSPITAL ,MAPFRE ASISTENCIA ,Colette Richards,16440411 9507,EDGAR,Belarus,8566,559-571-9744,S5U 8H7
165,202106,GERNERAL MOTORS - ASISTENCIA ,34719251499,11/27/2020,GRUA ,GENERAL MOTORS ,Georgia Richmond,16450301 6646,MARISOL,Benin,1712,555-248-6476,S5N 7D7
166,202201,MAPFRE SEGUROS REGULARES ,96570034799,3/17/2021,AUXILIO VIAL ,MAPFRE ASISTENCIA ,McKenzie Sparks,16971010 4895,NANCY,Netherlands,6980,558-934-2200,S4U 0K6
167,202204,MAPFRE SEGUROS REGULARES ,9462171299,2/11/2021,URGENCIAS HOSPITAL ,MAPFRE SEGUROS ,Shaine Ayers,16290405 0727,MARISOL,Benin,668,559-249-8716,S4N 9I3
168,202108,GNP SINIESTROS REGULARES,11255402899,3/28/2021,URGENCIAS HOSPITAL ,SEGUROS ATLAS ,Fletcher Rivera,16131214 6556,TANIA,Benin,5196,553-171-5426,S4I 0F5
169,202107,MAPFRE HOSPITALIZACION FAMILIAR ,99424723299,2/1/2021,PAGO DIRECTO ,GNP ,Dana Noel,16310304 4800,SUEMY,Nepal,9274,556-694-7267,S3O 1C4
170,202110,MAPFRE TEPEYAC AUTO ,1319980799,8/7/2020,CASETAS ,MAPFRE ASISTENCIA ,Arsenio Taylor,16251204 8816,SUEMY,Cayman Islands,9236,554-219-2495,S3L 4A3
171,202111,MAPFRE ESPA헤 - CORRESPONSALIA ,69848331999,10/10/2021,CASETAS ,GNP ,Keiko Weeks,16980201 8557,TANIA,Croatia,4766,559-176-7435,S2P 4Z9
172,202107,MAPFRE HOSPITALIZACION FAMILIAR ,44921403199,11/24/2021,URGENCIAS HOSPITAL ,SEGUROS ATLAS ,Nolan Sosa,16941121 9281,TANIA,Eritrea,7699,558-427-7466,S2G 8D6
173,202202,SEGUROS ATLAS AUTOS 15-20 A헲S,48737441599,4/30/2022,GRUA ,GENERAL MOTORS ,Caleb Haley,16000404 5217,TANIA,Belize,324,555-534-7945,S2A 9R6
174,202201,GERNERAL MOTORS - ASISTENCIA ,77202321099,7/16/2021,CASETAS ,MAPFRE SEGUROS ,Erich Hudson,16370219 8536,NANCY,South Georgia and The South Sandwich Islands,5589,550-869-0470,S1Y 7N8
175,202112,MAZDA ,7587993199,6/1/2021,URGENCIAS HOSPITAL ,GENERAL MOTORS ,Tad Buckner,16900517 5584,EDGAR,Afghanistan,720,554-175-8156,S1X 6S8
176,202111,GERNERAL MOTORS - ASISTENCIA ,31887075899,3/28/2021,COMBUSTIBLE ,GENERAL MOTORS ,Jarrod Ross,16100326 8156,MARISOL,Honduras,814,555-261-8951,S1Q 1K0
177,202203,MAPFRE HOSPITALIZACION FAMILIAR ,25873080799,2/23/2021,GRUA ,MAZDA ,Penelope Richardson,16051017 2448,TANIA,Bosnia and Herzegovina,7421,551-745-9846,S1M 3O4
178,202205,SEGUROS ATLAS AUTOS 15-20 A헲S,3799438699,10/22/2021,GRUA ,GONER,Melyssa Cleveland,16700901 2241,MARISOL,"Bonaire, Sint Eustatius and Saba",7207,554-564-1193,S1I 9V7
179,202202,GNP BANCA POR EXPUESTO ,76518887599,7/3/2021,AUXILIO VIAL ,MAPFRE ASISTENCIA ,Stephanie Atkins,16130618 1551,EDGAR,Yemen,9509,553-701-0990,S0T 4S2
180,202201,GNP SINIESTROS REGULARES,82663126999,5/30/2021,CASETAS ,MAPFRE SEGUROS ,Kenyon Tanner,16290621 2390,SUEMY,Faroe Islands,2917,556-331-2124,S0G 3Z1
181,202205,GERNERAL MOTORS - ASISTENCIA ,67566089199,6/7/2021,URGENCIAS HOSPITAL ,MAZDA ,Julian Spears,16761020 0532,EDGAR,Namibia,2077,555-207-6037,S0E 3H6
182,202108,GERNERAL MOTORS - ASISTENCIA ,67744556499,4/14/2021,CASETAS ,SEGUROS ATLAS ,Rhiannon Baird,16500730 1152,MARISOL,Luxembourg,1662,559-331-3789,R9N 5B2
183,202109,MAPFRE SEGUROS REGULARES ,30869515899,10/15/2021,PAGO DIRECTO ,MAPFRE SEGUROS ,Levi Dennis,16150320 9411,NANCY,French Southern Territories,2623,553-394-8536,R8P 9C3
184,202105,SEGUROS ATLAS AUTOS 15-20 A헲S,31345179799,2/14/2021,CASETAS ,MAPFRE ASISTENCIA ,Cathleen Burt,16270215 4119,CESAR,"Virgin Islands, United States",8588,553-351-1483,R8J 4O2
185,202203,SEGUROS ATLAS AUTOS 15-20 A헲S,18392982599,5/18/2022,CASETAS ,MAPFRE ASISTENCIA ,Cheyenne Guerrero,16150102 6452,MARISOL,Latvia,4005,550-276-1735,R8E 3A2
186,202112,GERNERAL MOTORS - ASISTENCIA ,890719499,8/12/2021,PAGO DIRECTO ,MAPFRE ASISTENCIA ,Kylynn Hester,16010708 2596,MARISOL,Luxembourg,3899,551-750-9757,R7H 9M0
187,202202,GNP BANCA POR EXPUESTO ,48761981299,2/22/2021,AUXILIO VIAL ,SEGUROS ATLAS ,Warren Sweet,16240913 0347,TANIA,Taiwan,7708,556-721-3837,R7C 3E8
188,202112,SEGUROS ATLAS AUTOS 15-20 A헲S,27603928699,1/29/2022,URGENCIAS HOSPITAL ,MAPFRE ASISTENCIA ,Slade Hartman,16550226 6330,SUEMY,Mexico,7595,555-605-8584,R6S 1V9
189,202205,GNP SINIESTROS REGULARES,12467214499,1/8/2021,CASETAS ,GENERAL MOTORS ,Noel Lee,16361020 2271,CESAR,Jersey,4266,550-540-7335,R6L 6S1
190,202109,GNP BANCA POR EXPUESTO ,7729176099,9/22/2021,GRUA ,SEGUROS ATLAS ,Mason Cole,16551227 6766,SUSANA,Jamaica,8153,554-669-5175,R6H 9B8
191,202111,MAPFRE ESPA헤 - CORRESPONSALIA ,16319531799,2/1/2022,PAGO DIRECTO ,MAPFRE ASISTENCIA ,Xenos Taylor,16320602 6084,CESAR,Mayotte,3683,556-269-2561,R5Z 8Z8
192,202108,MAPFRE ESPA헤 - CORRESPONSALIA ,33656510399,5/13/2022,URGENCIAS HOSPITAL ,MAPFRE ASISTENCIA ,Curran Hahn,16960212 5032,NANCY,Hong Kong,4344,557-752-8745,R4S 8Z1
193,202205,MAPFRE SEGUROS REGULARES ,90390162699,11/16/2020,URGENCIAS HOSPITAL ,GENERAL MOTORS ,Hiroko Sherman,16270513 4241,CESAR,Sint Maarten,7399,554-506-5992,R4J 1A4
194,202204,MAPFRE TEPEYAC AUTO ,8207356999,3/17/2021,GRUA ,GONER,Nomlanga Snow,16190617 1994,EDGAR,Chad,5180,559-208-2814,R4H 2H9
195,202112,GNP DESBORDE ,45816623099,3/31/2022,CASETAS ,MAZDA ,Ivy Wyatt,16780111 7982,MARISOL,Marshall Islands,9201,554-422-7683,R4B 7V4
196,202108,MAZDA ,80716247999,9/15/2021,COMBUSTIBLE ,MAPFRE ASISTENCIA ,Ivy Wyatt,16670408 6336,EDGAR,Denmark,509,554-422-7683,R4B 7V4
197,202110,MAPFRE SEGUROS REGULARES ,16795705499,10/7/2020,AUXILIO VIAL ,SEGUROS ATLAS ,Guinevere French,16980921 7798,NANCY,Russian Federation,7649,558-629-8688,R3P 2B4
198,202111,MAPFRE TEPEYAC AUTO ,98358739699,7/1/2021,CASETAS ,GNP ,Ginger Delgado,16320113 1004,SUEMY,Hungary,6317,557-640-6051,R3O 5H4
199,202205,GERNERAL MOTORS - ASISTENCIA ,62598137399,1/4/2021,AUXILIO VIAL ,MAPFRE SEGUROS ,Lars Love,16250513 0217,MARISOL,Luxembourg,8230,550-614-7142,R3A 6L0
200,202110,SEGUROS ATLAS AUTOS 15-20 A헲S,48797582099,10/15/2020,PAGO DIRECTO ,MAPFRE ASISTENCIA ,Imelda Ortega,16890806 0141,CESAR,Jordan,9909,555-392-4041,R2U 9U6
201,202109,GNP SINIESTROS REGULARES,54568341199,3/28/2022,COMBUSTIBLE ,SEGUROS ATLAS ,Karen Mcclure,16291111 4466,SUSANA,United Arab Emirates,9486,557-324-7848,R2R 4A0
202,202112,MAPFRE TEPEYAC AUTO ,96248319799,5/17/2022,PAGO DIRECTO ,GNP ,Mannix Dennis,16851116 4223,EDGAR,Kenya,9384,552-610-2719,R2N 8U7
203,202108,GERNERAL MOTORS - ASISTENCIA ,13734033099,6/1/2021,AUXILIO VIAL ,MAPFRE SEGUROS ,Octavius Murray,16541003 8318,TANIA,Nepal,9346,558-884-0069,R2H 4J3
204,202112,GNP BANCA POR EXPUESTO ,38497458699,2/17/2022,URGENCIAS HOSPITAL ,MAZDA ,Renee Mullins,16231203 0709,NANCY,Slovakia,8229,559-331-3787,R1W 1X6
205,202204,SEGUROS ATLAS AUTOS 15-20 A헲S,88914235999,3/8/2021,AUXILIO VIAL ,MAZDA ,Gwendolyn Mosley,16210106 3564,MARISOL,Saint Pierre and Miquelon,8053,556-930-4934,Q9X 1D6
206,202112,GERNERAL MOTORS - ASISTENCIA ,61460885999,4/11/2022,URGENCIAS HOSPITAL ,MAZDA ,Ray Gallegos,16110819 0362,MARISOL,Colombia,9412,559-331-3786,Q9V 8C8
207,202110,MAPFRE SEGUROS REGULARES ,2212523899,8/29/2020,COMBUSTIBLE ,GENERAL MOTORS ,Alika Frank,16520314 9025,CESAR,Dominican Republic,9986,551-274-6568,Q9I 2A1
208,202201,MAPFRE TEPEYAC AUTO ,13674509599,3/19/2022,CASETAS ,GENERAL MOTORS ,Chaim Foster,16690822 1994,EDGAR,Uruguay,6364,552-600-9730,Q9A 9Y8
209,202108,GNP SINIESTROS REGULARES,66284909099,1/25/2022,PAGO DIRECTO ,SEGUROS ATLAS ,Brenna Wiggins,16570804 1925,NANCY,Sint Maarten,5103,556-517-2098,Q8P 4B7
210,202107,MAPFRE ESPA헤 - CORRESPONSALIA ,23977924499,10/27/2021,PAGO DIRECTO ,MAZDA ,Keaton Petersen,16641003 4729,SUEMY,"Congo, the Democratic Republic of the",6677,552-603-0725,Q8N 9W6
211,202205,MAPFRE ESPA헤 - CORRESPONSALIA ,4722663899,2/20/2022,COMBUSTIBLE ,GENERAL MOTORS ,Jonas Hess,16930923 9458,TANIA,Barbados,2787,550-899-0021,Q8I 1K6
212,202201,MAPFRE TEPEYAC AUTO ,93335189499,5/14/2022,AUXILIO VIAL ,MAPFRE ASISTENCIA ,Gary Dunlap,16560907 6806,NANCY,Portugal,8359,556-595-0247,Q8B 5C3
213,202110,MAPFRE SEGUROS REGULARES ,65839535099,7/19/2020,PAGO DIRECTO ,GONER,Benedict Farmer,16800829 8534,NANCY,Madagascar,6805,559-961-8053,Q8A 9O6
214,202203,MAZDA ,93476656499,10/9/2021,GRUA ,GENERAL MOTORS ,Igor Bright,16780309 4346,EDGAR,Papua New Guinea,4168,551-706-2578,Q7W 3O4
215,202110,GERNERAL MOTORS - ASISTENCIA ,63974865299,7/20/2020,CASETAS ,SEGUROS ATLAS ,Keane Wade,16790915 9902,TANIA,Guatemala,5106,556-910-9009,Q7W 1L9
216,202109,MAPFRE SEGUROS REGULARES ,1626923899,12/10/2021,COMBUSTIBLE ,MAZDA ,Keane Wade,16230925 8651,TANIA,Comoros,1519,556-910-9006,Q7W 1L9
217,202201,MAPFRE ESPA헤 - CORRESPONSALIA ,59682167599,2/14/2022,PAGO DIRECTO ,MAZDA ,Brenden Hogan,16530920 3338,CESAR,Sint Maarten,4074,557-563-9434,Q6Z 1X3
218,202106,GNP DESBORDE ,26740015799,5/27/2022,PAGO DIRECTO ,SEGUROS ATLAS ,Reuben Roy,16970102 7154,SUSANA,Somalia,9343,559-331-3788,Q6N 5O4
219,202202,MAPFRE TEPEYAC AUTO ,13566818199,4/6/2022,URGENCIAS HOSPITAL ,MAPFRE ASISTENCIA ,Forrest Moran,16020713 0386,SUEMY,South Africa,9508,554-711-6851,Q6F 0W8
220,202108,MAPFRE TEPEYAC AUTO ,88806284199,1/14/2021,PAGO DIRECTO ,MAPFRE ASISTENCIA ,Glenna Nolan,16531204 8647,MARISOL,Uganda,8139,558-135-1931,Q3P 1C1
221,202106,GERNERAL MOTORS - ASISTENCIA ,60816374599,9/3/2020,CASETAS ,GONER,Indigo Burris,16730401 5030,SUSANA,Mongolia,1570,552-934-4527,Q3G 3L8
222,202108,GERNERAL MOTORS - ASISTENCIA ,50731155299,9/30/2020,PAGO DIRECTO ,GONER,Aline Hansen,16280307 5197,SUEMY,Panama,5072,559-137-0570,Q2Q 0U5
223,202204,GERNERAL MOTORS - ASISTENCIA ,50902479999,5/3/2021,URGENCIAS HOSPITAL ,GNP ,Price Noel,16541012 1759,MARISOL,Latvia,5648,554-208-8506,Q2O 4Q9
224,202109,MAPFRE TEPEYAC AUTO ,2901604799,9/3/2020,URGENCIAS HOSPITAL ,MAZDA ,Ahmed Rutledge,16900611 5522,MARISOL,Bulgaria,6240,555-120-1291,Q2L 4N8
225,202109,GERNERAL MOTORS - ASISTENCIA ,14270567699,8/28/2020,COMBUSTIBLE ,GENERAL MOTORS ,Harriet Christian,16300627 1450,TANIA,Kuwait,1804,556-248-4203,Q1E 6G7
226,202110,MAPFRE HOSPITALIZACION FAMILIAR ,39382498599,5/21/2022,COMBUSTIBLE ,SEGUROS ATLAS ,Noelle Hopkins,16041115 7324,CESAR,Vanuatu,3140,550-538-3679,Q0W 2Y1
227,202107,MAPFRE ESPA헤 - CORRESPONSALIA ,21533961099,3/1/2021,PAGO DIRECTO ,GNP ,Tana Hampton,16080225 9432,MARISOL,Tajikistan,7734,554-150-7565,Q0R 2A8
228,202109,GNP SINIESTROS REGULARES,13322500099,5/27/2021,URGENCIAS HOSPITAL ,MAPFRE ASISTENCIA ,Shaine Wilder,16881004 6527,EDGAR,Falkland Islands,7969,550-416-3836,P9Y 3G5
229,202106,SEGUROS ATLAS AUTOS 15-20 A헲S,84542299499,3/22/2021,COMBUSTIBLE ,GONER,Shelly Vazquez,16880406 9253,NANCY,Sierra Leone,9240,552-625-2138,P9T 3L2
230,202106,GNP DESBORDE ,45877688799,4/15/2021,CASETAS ,GENERAL MOTORS ,Cassandra Grimes,16900912 9322,MARISOL,Latvia,4210,553-688-8134,P9K 5I3
231,202105,MAPFRE TEPEYAC AUTO ,93821094699,4/5/2021,URGENCIAS HOSPITAL ,GONER,Jennifer Potter,16780606 4452,NANCY,Anguilla,2541,554-327-3410,P9J 7S1
232,202106,GNP SINIESTROS REGULARES,4994896499,7/31/2020,URGENCIAS HOSPITAL ,GENERAL MOTORS ,Lila Kramer,16921015 9811,EDGAR,Paraguay,3971,553-118-5230,P9J 7F4
233,202105,MAPFRE HOSPITALIZACION FAMILIAR ,13206070999,7/10/2020,AUXILIO VIAL ,GONER,Channing Talley,16230109 3064,NANCY,Azerbaijan,4368,550-989-2435,P9A 7G6
234,202107,MAPFRE SEGUROS REGULARES ,38638524999,6/7/2020,COMBUSTIBLE ,GNP ,Wang Blake,16880211 0943,MARISOL,Samoa,4818,551-998-6978,P8I 4V0
235,202106,GNP DESBORDE ,49378499299,1/15/2022,PAGO DIRECTO ,GENERAL MOTORS ,Keith Lara,16280611 0397,CESAR,Portugal,9963,550-781-0731,P8G 1A5
236,202108,MAPFRE ESPA헤 - CORRESPONSALIA ,29937587299,9/16/2021,GRUA ,MAPFRE ASISTENCIA ,Kelly Irwin,16340124 1397,TANIA,Ghana,4470,554-550-5737,P7R 5B5
237,202205,SEGUROS ATLAS AUTOS 15-20 A헲S,72601007199,5/24/2022,PAGO DIRECTO ,MAPFRE SEGUROS ,Avram Camacho,16480420 0501,MARISOL,Israel,768,557-790-4622,P7Q 9L6
238,202204,MAPFRE HOSPITALIZACION FAMILIAR ,34438882799,3/23/2021,CASETAS ,MAPFRE SEGUROS ,Nissim Merrill,16360319 1572,TANIA,Nicaragua,5669,551-686-0140,P7G 5I7
239,202107,MAPFRE HOSPITALIZACION FAMILIAR ,28662337399,1/29/2021,PAGO DIRECTO ,MAPFRE ASISTENCIA ,Claudia Barton,16261009 4936,NANCY,Jamaica,8018,552-256-0678,P6Z 3T3
240,202109,MAZDA ,7464375299,3/2/2021,PAGO DIRECTO ,SEGUROS ATLAS ,Gisela Leach,16660325 3391,MARISOL,C進e D'Ivoire (Ivory Coast),8019,557-621-9836,P5W 4A8
241,202110,GNP DESBORDE ,6317896299,1/23/2022,GRUA ,MAPFRE SEGUROS ,Demetrius Payne,16171214 8061,NANCY,Senegal,1576,550-493-9778,P5U 0R3
242,202110,GNP SINIESTROS REGULARES,16302700799,2/12/2022,PAGO DIRECTO ,SEGUROS ATLAS ,Darrel Meadows,16380919 0097,MARISOL,South Georgia and The South Sandwich Islands,1581,557-344-2147,P5R 1A9
243,202109,GERNERAL MOTORS - ASISTENCIA ,30446053899,3/1/2022,CASETAS ,MAZDA ,Iona Pearson,16381009 2746,SUSANA,Jersey,8099,551-847-8918,P5O 0F3
244,202108,MAPFRE ESPA헤 - CORRESPONSALIA ,38950569999,9/4/2020,PAGO DIRECTO ,MAZDA ,Samuel Fowler,16841115 9760,TANIA,Wallis and Futuna,3261,551-626-8331,P5I 7F4
245,202201,MAPFRE ESPA헤 - CORRESPONSALIA ,16958612199,8/2/2020,CASETAS ,MAPFRE SEGUROS ,Gavin Estrada,16211207 8288,CESAR,Cameroon,9392,558-258-1383,P5E 9O7
246,202201,MAPFRE HOSPITALIZACION FAMILIAR ,74382191799,2/15/2021,URGENCIAS HOSPITAL ,GONER,Kiayada Tillman,16330116 0077,NANCY,Eritrea,3613,554-754-5858,P5B 0W1
247,202204,MAPFRE ESPA헤 - CORRESPONSALIA ,25493832999,12/23/2020,PAGO DIRECTO ,MAPFRE SEGUROS ,Nasim Mercer,16640223 7694,CESAR,Bangladesh,7514,556-115-9356,P4X 6X0
248,202203,MAPFRE ESPA헤 - CORRESPONSALIA ,31900165699,10/2/2020,AUXILIO VIAL ,MAPFRE ASISTENCIA ,Nerea Burch,16170802 0340,EDGAR,Saint Lucia,5867,555-944-6375,P4Q 6B4
249,202107,GERNERAL MOTORS - ASISTENCIA ,13550805699,5/28/2021,CASETAS ,GONER,Fleur Roman,16260118 5792,EDGAR,New Caledonia,3232,550-257-2567,P4L 0K1
250,202112,MAPFRE TEPEYAC AUTO ,8228933299,12/25/2021,COMBUSTIBLE ,GONER,Montana Holmes,16100223 0801,TANIA,Comoros,3499,558-644-4816,P4C 1G5
251,202105,MAPFRE TEPEYAC AUTO ,34405928099,4/23/2022,PAGO DIRECTO ,MAPFRE SEGUROS ,Zachery Berger,16240704 1462,CESAR,Greece,493,558-958-6793,P3G 0K9
252,202203,MAZDA ,96462561199,10/15/2020,URGENCIAS HOSPITAL ,GONER,Mohammad Patrick,16620625 6106,SUEMY,Mauritania,3936,553-141-8620,P3B 4N6
253,202204,MAPFRE SEGUROS REGULARES ,71372451299,11/6/2021,URGENCIAS HOSPITAL ,MAPFRE ASISTENCIA ,Molly Castro,16641028 4407,SUSANA,Tuvalu,8246,552-104-9629,P2X 1R1
254,202201,MAPFRE ESPA헤 - CORRESPONSALIA ,81375883199,9/18/2020,AUXILIO VIAL ,GNP ,Axel Stephens,16520428 7170,TANIA,Isle of Man,4237,558-851-6775,P2K 3C2
255,202109,MAPFRE SEGUROS REGULARES ,41900164999,7/4/2021,PAGO DIRECTO ,MAPFRE ASISTENCIA ,Richard Solis,16391204 6566,NANCY,Holy See (Vatican City State),8273,559-331-3790,P1S 8J1
256,202204,GNP SINIESTROS REGULARES,20969977499,1/28/2021,GRUA ,GNP ,Christian Burgess,16120820 7652,SUSANA,Belarus,7691,559-655-0648,P0R 7A3
257,202109,GNP DESBORDE ,90823402499,7/25/2021,GRUA ,MAPFRE SEGUROS ,Isabelle Clarke,16100324 6228,CESAR,"Korea, North",7149,550-787-0421,P0B 8O2
258,202105,SEGUROS ATLAS AUTOS 15-20 A헲S,55872865599,6/28/2021,COMBUSTIBLE ,MAPFRE SEGUROS ,Ivy Fletcher,16620701 5972,TANIA,Heard Island and Mcdonald Islands,2984,554-292-3315,O9W 3W2
259,202202,MAPFRE ESPA헤 - CORRESPONSALIA ,69300920299,7/12/2020,CASETAS ,MAZDA ,Brennan Cameron,16180901 3509,MARISOL,Nicaragua,2286,551-884-7387,O9M 5A8
260,202201,SEGUROS ATLAS AUTOS 15-20 A헲S,39674412399,5/13/2022,GRUA ,SEGUROS ATLAS ,Ignacia Jensen,16270328 7710,NANCY,Saint Barth複emy,4493,550-140-3258,O9I 1Z1
261,202109,SEGUROS ATLAS AUTOS 15-20 A헲S,89320437499,3/20/2022,PAGO DIRECTO ,GONER,Gail Owen,16381008 9619,MARISOL,Ethiopia,9651,550-934-6111,O8U 0I7
262,202107,MAPFRE ESPA헤 - CORRESPONSALIA ,20341353899,11/2/2021,GRUA ,MAPFRE ASISTENCIA ,Quin Castro,16810509 3150,TANIA,Hong Kong,5501,557-847-5649,O8P 3E7
263,202201,MAZDA ,35998505399,4/5/2022,GRUA ,SEGUROS ATLAS ,Emerson Hinton,16330319 5881,SUSANA,Tonga,3427,550-109-8055,O8K 7A7
264,202205,GNP BANCA POR EXPUESTO ,48547938199,4/7/2022,URGENCIAS HOSPITAL ,GENERAL MOTORS ,Josiah Sawyer,16520818 9521,NANCY,Liberia,9158,557-666-7382,O8J 4A0
265,202108,GERNERAL MOTORS - ASISTENCIA ,42811580699,10/22/2020,GRUA ,GNP ,Carl Stanton,16671211 3023,EDGAR,Australia,4409,553-575-6619,O8H 6E5
266,202205,GERNERAL MOTORS - ASISTENCIA ,95618267399,8/28/2021,GRUA ,GNP ,Keane Wade,16160323 9128,SUSANA,Peru,2878,556-910-9007,O7N 5R0
267,202203,MAPFRE HOSPITALIZACION FAMILIAR ,49839055099,2/6/2021,GRUA ,MAPFRE ASISTENCIA ,Ahmed Tillman,16300326 2965,MARISOL,Gibraltar,353,552-329-0445,O7L 1Z8
268,202202,GERNERAL MOTORS - ASISTENCIA ,28417538499,12/1/2020,AUXILIO VIAL ,MAPFRE SEGUROS ,Upton Mayer,16771211 6388,MARISOL,Northern Mariana Islands,7371,551-125-6984,O7I 2Y9
269,202201,MAPFRE HOSPITALIZACION FAMILIAR ,76531017599,8/3/2020,URGENCIAS HOSPITAL ,MAZDA ,Joshua Justice,16301018 9714,SUSANA,Bouvet Island,8308,559-690-0950,O7F 5V1
270,202205,MAPFRE TEPEYAC AUTO ,33650798599,7/17/2020,AUXILIO VIAL ,MAPFRE SEGUROS ,Mohammad Mccormick,16770509 2620,SUEMY,Ethiopia,6289,551-189-9918,O7E 8N5
271,202111,GNP SINIESTROS REGULARES,86364237799,11/29/2020,GRUA ,GNP ,Hayden Weaver,16541023 6730,EDGAR,Monaco,4708,551-282-3473,O6C 6L2
272,202109,GNP BANCA POR EXPUESTO ,88303053399,3/14/2022,PAGO DIRECTO ,GONER,Ferdinand Lawrence,16270712 5130,TANIA,Israel,1655,557-404-3967,O5K 7P9
273,202111,MAPFRE TEPEYAC AUTO ,92864032299,4/26/2022,GRUA ,GENERAL MOTORS ,Dennis Benson,16710721 9375,CESAR,Jordan,1897,552-576-5923,O5G 0S5
274,202202,MAZDA ,28704953399,9/18/2020,AUXILIO VIAL ,MAPFRE ASISTENCIA ,Celeste Gibbs,16500211 6068,SUEMY,Grenada,4834,558-611-2678,O4Y 7W9
275,202112,MAPFRE TEPEYAC AUTO ,42401144899,11/13/2020,PAGO DIRECTO ,MAPFRE ASISTENCIA ,Charity Avery,16080305 2224,TANIA,France,8154,551-332-6099,O4T 7G7
276,202109,GNP BANCA POR EXPUESTO ,74709473699,9/4/2020,URGENCIAS HOSPITAL ,GNP ,Blaine Terry,16301216 2982,CESAR,Ecuador,8343,557-546-0645,O3L 7M5
277,202202,MAPFRE TEPEYAC AUTO ,8744045199,9/12/2020,COMBUSTIBLE ,SEGUROS ATLAS ,Oscar French,16390622 4179,TANIA,Botswana,8091,552-914-0509,O3H 4W0
278,202111,MAPFRE HOSPITALIZACION FAMILIAR ,94450956699,9/5/2020,GRUA ,MAPFRE SEGUROS ,Montana Boyer,16470823 4655,TANIA,Trinidad and Tobago,1610,558-644-4816,O3E 1V8
279,202107,GNP SINIESTROS REGULARES,81487142299,5/19/2022,CASETAS ,MAPFRE SEGUROS ,Kai Mcbride,16510617 6570,SUSANA,Finland,3737,550-866-7236,O3D 3C8
280,202105,MAPFRE SEGUROS REGULARES ,38582442699,12/8/2021,URGENCIAS HOSPITAL ,MAPFRE ASISTENCIA ,Rina Morrow,16921121 2478,CESAR,Cape Verde,8126,557-326-2120,O2S 2A0
281,202111,GNP BANCA POR EXPUESTO ,67432212999,9/8/2021,PAGO DIRECTO ,MAPFRE SEGUROS ,Rooney Boyer,16490709 6350,SUSANA,Papua New Guinea,4225,551-127-9815,O2Q 0B8
282,202202,SEGUROS ATLAS AUTOS 15-20 A헲S,90645771299,7/13/2020,PAGO DIRECTO ,GNP ,Aurelia Vaughn,16210626 1577,TANIA,C進e D'Ivoire (Ivory Coast),688,556-442-1990,O2O 1O8
283,202203,GNP BANCA POR EXPUESTO ,59753225799,1/18/2021,PAGO DIRECTO ,MAPFRE SEGUROS ,Jemima Brennan,16940807 5266,SUSANA,Austria,7801,559-776-5760,O1Z 6X6
284,202201,SEGUROS ATLAS AUTOS 15-20 A헲S,40952825099,7/17/2021,GRUA ,GONER,Kendall Garza,16850814 3891,TANIA,Tunisia,8985,557-963-3145,O1P 5Z6
285,202110,GERNERAL MOTORS - ASISTENCIA ,47470020399,11/30/2020,URGENCIAS HOSPITAL ,MAPFRE SEGUROS ,Catherine Soto,16980403 0865,MARISOL,Slovakia,6868,550-819-5486,O0I 4B7
286,202202,MAPFRE SEGUROS REGULARES ,88456394299,2/21/2022,CASETAS ,GENERAL MOTORS ,Ian Moore,16520428 7170,EDGAR,Monaco,4132,550-661-3775,N9R 1C8
287,202112,GNP BANCA POR EXPUESTO ,16866784899,8/5/2021,COMBUSTIBLE ,MAPFRE ASISTENCIA ,Kyla Farley,16131008 6929,EDGAR,Nepal,6577,559-319-0422,N9A 1J4
288,202110,GERNERAL MOTORS - ASISTENCIA ,83968395299,1/13/2021,URGENCIAS HOSPITAL ,GNP ,Keane Wade,16940515 7455,SUEMY,American Samoa,2344,556-910-9008,N8Z 4T5
289,202205,MAZDA ,15947863299,6/30/2020,COMBUSTIBLE ,MAPFRE SEGUROS ,Felicia Hutchinson,16831017 5552,SUEMY,French Southern Territories,1673,552-613-0400,N8V 9S3
290,202108,SEGUROS ATLAS AUTOS 15-20 A헲S,48778231399,3/25/2022,PAGO DIRECTO ,GENERAL MOTORS ,Isadora Mclaughlin,16010917 6081,MARISOL,Niger,2638,551-706-3580,N8O 6I8
291,202110,MAPFRE SEGUROS REGULARES ,27727756699,9/19/2020,URGENCIAS HOSPITAL ,MAPFRE SEGUROS ,Keane Wade,16210412 4488,CESAR,Albania,2227,556-910-9010,N8O 2S3
292,202105,MAPFRE HOSPITALIZACION FAMILIAR ,91575748799,10/3/2021,GRUA ,GNP ,Reed Murray,16330107 8535,SUSANA,Afghanistan,1681,559-331-3786,N7O 5Y0
293,202108,MAZDA ,7560444099,8/26/2020,AUXILIO VIAL ,SEGUROS ATLAS ,Ryan Vincent,16030909 4498,TANIA,Brazil,6612,554-505-6337,N7F 0M1
294,202106,GERNERAL MOTORS - ASISTENCIA ,9557519799,12/20/2020,CASETAS ,MAZDA ,Ivor Whitfield,16490312 0907,CESAR,Montenegro,8132,552-985-4863,N6N 7U2
295,202204,MAPFRE SEGUROS REGULARES ,66466103399,12/27/2021,AUXILIO VIAL ,MAPFRE ASISTENCIA ,Zane Rocha,16840513 3722,TANIA,Cura網o,4012,556-811-7892,N6L 6N5
296,202107,MAPFRE TEPEYAC AUTO ,64343979299,3/30/2022,GRUA ,MAZDA ,Price Noel,16640825 2788,MARISOL,Dominica,3045,555-895-2766,N6C 0E7
297,202201,MAPFRE SEGUROS REGULARES ,76348456299,8/25/2021,PAGO DIRECTO ,GNP ,Lana Campos,16760412 1967,SUSANA,Belgium,1148,559-978-8813,N5S 6D3
298,202205,MAPFRE HOSPITALIZACION FAMILIAR ,13436406299,9/15/2021,URGENCIAS HOSPITAL ,GENERAL MOTORS ,Willa Newman,16751208 1055,TANIA,Peru,4752,558-406-2444,N5J 9J2
299,202111,MAPFRE ESPA헤 - CORRESPONSALIA ,10877529199,11/12/2021,PAGO DIRECTO ,MAPFRE ASISTENCIA ,Chava Zimmerman,16670623 0304,NANCY,Haiti,8766,554-596-0705,N4V 7Y7
300,202202,GNP SINIESTROS REGULARES,91418697299,12/24/2021,URGENCIAS HOSPITAL ,SEGUROS ATLAS ,Fallon Cortez,16050819 3372,EDGAR,Panama,6424,556-190-1633,N3G 5U5
301,202105,MAPFRE TEPEYAC AUTO ,58996306499,12/17/2021,GRUA ,MAZDA ,Talon Lloyd,16921222 0074,SUSANA,Cocos (Keeling) Islands,5423,559-661-2597,N2Y 4Y5
302,202201,GNP DESBORDE ,30927532099,7/4/2020,GRUA ,GENERAL MOTORS ,Armand Dale,16010108 3830,NANCY,Paraguay,4087,553-429-4067,N2V 0B3
303,202105,MAZDA ,3789074299,9/24/2021,PAGO DIRECTO ,MAZDA ,Reese Rios,16361111 3022,SUSANA,Niue,1821,559-331-3786,N2B 1Y7
304,202108,MAPFRE HOSPITALIZACION FAMILIAR ,49479777399,6/20/2021,GRUA ,GNP ,Winifred Stokes,16400502 2365,TANIA,Turkmenistan,1070,552-359-9100,N1U 7C6
305,202201,MAPFRE TEPEYAC AUTO ,96941667299,11/11/2020,URGENCIAS HOSPITAL ,MAPFRE ASISTENCIA ,Cheryl Mcgee,16470917 7960,EDGAR,Saint Barth複emy,3666,557-403-2593,N1U 6V4
306,202108,MAPFRE SEGUROS REGULARES ,97267559299,8/15/2021,PAGO DIRECTO ,GNP ,MacKensie Mcgee,16800524 5165,SUEMY,El Salvador,1052,550-788-5226,N0X 9W2
307,202106,GERNERAL MOTORS - ASISTENCIA ,71961078999,11/30/2020,COMBUSTIBLE ,MAPFRE ASISTENCIA ,Riley Snider,16980101 7899,NANCY,Afghanistan,1338,555-891-9164,N0N 2N6
308,202110,MAPFRE HOSPITALIZACION FAMILIAR ,32387223699,11/23/2020,CASETAS ,MAPFRE SEGUROS ,Tatiana Carter,16780111 7982,TANIA,Solomon Islands,2722,553-746-3949,M9S 5A8
309,202109,GERNERAL MOTORS - ASISTENCIA ,31719268299,7/22/2020,PAGO DIRECTO ,MAPFRE ASISTENCIA ,Dane Sanford,16540423 8122,SUEMY,France,6031,550-696-4081,M9N 6D8
310,202110,MAPFRE SEGUROS REGULARES ,10465061199,8/9/2021,CASETAS ,GONER,Myles Carver,16261103 8924,MARISOL,Saint Martin,9105,557-214-1367,M9M 1M4
311,202112,GNP DESBORDE ,50429500499,2/15/2021,CASETAS ,MAZDA ,Christine Schwartz,16890826 3844,SUSANA,Paraguay,1413,557-421-6222,M8R 0R3
312,202109,GNP SINIESTROS REGULARES,66662090999,2/27/2021,GRUA ,GENERAL MOTORS ,Nolan Davis,16790523 3388,EDGAR,Syria,7303,558-273-3543,M8P 1X2
313,202107,MAPFRE TEPEYAC AUTO ,70309962399,11/21/2021,PAGO DIRECTO ,GENERAL MOTORS ,Josiah Haley,16470118 8569,TANIA,Pitcairn Islands,7065,554-500-1426,M8L 9U4
314,202106,GNP SINIESTROS REGULARES,77860226899,2/23/2022,COMBUSTIBLE ,MAPFRE SEGUROS ,Henry Jacobs,16450524 2463,MARISOL,Pitcairn Islands,1769,555-601-2653,M7Q 9K4
315,202112,MAPFRE HOSPITALIZACION FAMILIAR ,20357945099,8/18/2021,CASETAS ,SEGUROS ATLAS ,Jerome Tyler,16220714 1801,NANCY,Eritrea,8747,554-346-2485,M7P 3N5
316,202110,MAPFRE SEGUROS REGULARES ,4775710299,3/8/2021,COMBUSTIBLE ,GENERAL MOTORS ,Alfonso Myers,16700305 2151,SUEMY,Rwanda,676,557-180-0634,M7D 0E5
317,202112,SEGUROS ATLAS AUTOS 15-20 A헲S,81790128499,4/26/2021,COMBUSTIBLE ,MAPFRE ASISTENCIA ,Beau Roberson,16131220 6723,NANCY,Central African Republic,1670,559-859-8706,M5W 9K4
318,202105,MAPFRE ESPA헤 - CORRESPONSALIA ,87782541699,8/30/2021,GRUA ,MAPFRE SEGUROS ,Jennifer Gillespie,16241213 0003,MARISOL,Falkland Islands,2658,550-881-6105,M4E 6O2
319,202202,MAPFRE HOSPITALIZACION FAMILIAR ,66827975899,1/30/2021,GRUA ,MAPFRE SEGUROS ,Leonard Mckinney,16840629 5231,CESAR,Bosnia and Herzegovina,3020,559-822-2334,M3L 2R7
320,202112,GNP DESBORDE ,87980731799,11/8/2021,CASETAS ,SEGUROS ATLAS ,Lois Burks,16850813 0815,CESAR,Angola,763,555-257-7068,M3L 2R7
321,202204,MAZDA ,35625206899,9/1/2020,AUXILIO VIAL ,MAZDA ,Leo Drake,16411113 5317,MARISOL,Guam,3842,554-920-8549,M3L 2R7
322,202201,MAZDA ,19322474199,12/4/2021,PAGO DIRECTO ,MAZDA ,Leslie Hatfield,16240114 6085,CESAR,Poland,1910,551-483-8840,M3L 2R7
323,202112,MAZDA ,80235200899,6/4/2020,AUXILIO VIAL ,GNP ,Rosalyn Macias,16060129 5199,MARISOL,Tokelau,5530,558-607-6056,M2Y 0Y5
324,202111,GERNERAL MOTORS - ASISTENCIA ,84998668899,2/23/2022,COMBUSTIBLE ,MAZDA ,Macy Miller,16990205 9774,NANCY,Bangladesh,4270,551-595-3646,M2X 1M4
325,202105,GNP SINIESTROS REGULARES,9985048899,9/4/2021,CASETAS ,GENERAL MOTORS ,Wyatt Vance,16700713 5093,EDGAR,Fiji,4374,551-744-4035,M2L 5S1
326,202108,GERNERAL MOTORS - ASISTENCIA ,60971887499,12/2/2021,COMBUSTIBLE ,SEGUROS ATLAS ,Zorita Hanson,16911110 8388,SUEMY,Dominican Republic,6014,557-506-8692,M2F 2S0
327,202204,GNP SINIESTROS REGULARES,801644499,1/10/2022,COMBUSTIBLE ,GONER,Donovan Wells,16421126 4447,CESAR,Philippines,4390,555-839-3249,M2C 6X9
328,202111,MAPFRE ESPA헤 - CORRESPONSALIA ,5476727199,7/8/2020,AUXILIO VIAL ,MAZDA ,Felix Landry,16221213 4080,TANIA,Bhutan,3061,555-222-9512,M1P 6M9
329,202204,MAZDA ,45703212999,9/5/2020,COMBUSTIBLE ,MAPFRE SEGUROS ,Donna Nielsen,16500816 2470,CESAR,Mauritania,3522,556-701-0500,M1G 7R6
330,202105,SEGUROS ATLAS AUTOS 15-20 A헲S,57743210599,8/12/2020,COMBUSTIBLE ,MAZDA ,Axel Stephens,16760208 1734,CESAR,Holy See (Vatican City State),4398,553-873-4030,M0Y 1W4
331,202205,SEGUROS ATLAS AUTOS 15-20 A헲S,8940591299,8/13/2021,CASETAS ,GONER,Claudia Payne,16000324 8523,CESAR,Brazil,6824,554-949-1305,M0O 0U1
332,202107,MAPFRE SEGUROS REGULARES ,90489265799,8/10/2020,GRUA ,MAPFRE ASISTENCIA ,Joel Garner,16090411 0202,TANIA,Greenland,10000,555-860-3729,M0D 7R1
333,202201,SEGUROS ATLAS AUTOS 15-20 A헲S,20371254799,6/11/2021,AUXILIO VIAL ,GENERAL MOTORS ,Kevyn Cooley,16980103 0967,MARISOL,Gibraltar,2899,553-933-2572,M0B 6T7
334,202111,MAPFRE SEGUROS REGULARES ,62718107099,4/8/2022,COMBUSTIBLE ,GNP ,Joel Valentine,16780230 5206,NANCY,Wallis and Futuna,5848,554-256-1562,L9M 4D0
335,202204,MAPFRE ESPA헤 - CORRESPONSALIA ,81907831299,11/26/2020,URGENCIAS HOSPITAL ,MAPFRE SEGUROS ,Declan Rosales,16001118 9297,CESAR,Thailand,4879,556-252-2273,L8U 5K9
336,202204,GERNERAL MOTORS - ASISTENCIA ,50950002699,11/11/2021,AUXILIO VIAL ,MAPFRE SEGUROS ,Rigel Fitzpatrick,16770423 5030,MARISOL,Gibraltar,6418,554-355-2793,L8N 3T1
337,202202,GNP DESBORDE ,60305766899,7/17/2021,GRUA ,MAPFRE SEGUROS ,Adrian Davidson,16990602 7793,MARISOL,Norway,2118,554-419-4974,L7W 4G5
338,202106,MAPFRE HOSPITALIZACION FAMILIAR ,40623040999,11/1/2020,CASETAS ,MAPFRE ASISTENCIA ,Hermione Murray,16490815 7722,SUEMY,Seychelles,9886,552-752-1834,L7K 2M0
339,202204,MAPFRE TEPEYAC AUTO ,82323670699,12/2/2021,AUXILIO VIAL ,GONER,Cameran Forbes,16400606 0026,SUEMY,Moldova,6447,556-722-4452,L6G 5A4
340,202108,GNP DESBORDE ,6911911899,4/17/2022,PAGO DIRECTO ,MAZDA ,Deanna Pratt,16291019 5821,SUSANA,Portugal,6167,550-282-6703,L6E 6Y5
341,202109,MAPFRE ESPA헤 - CORRESPONSALIA ,20610899899,6/9/2021,AUXILIO VIAL ,GNP ,Neil Peters,16430115 5315,SUEMY,Cameroon,5891,556-529-3909,L5N 6M9
342,202111,MAPFRE TEPEYAC AUTO ,74244885299,2/13/2021,URGENCIAS HOSPITAL ,SEGUROS ATLAS ,Avram Harding,16480116 1623,EDGAR,Saint Kitts and Nevis,1827,551-847-8918,L5E 9R3
343,202205,SEGUROS ATLAS AUTOS 15-20 A헲S,69396526699,4/21/2022,COMBUSTIBLE ,MAPFRE SEGUROS ,Jeanette Oneil,16450714 8601,TANIA,Italy,4646,554-272-1985,L4F 7X4
344,202202,MAPFRE TEPEYAC AUTO ,71802450099,8/20/2020,AUXILIO VIAL ,GNP ,Frances Garrison,16871208 4352,TANIA,Andorra,6922,557-885-7071,L4B 0W0
345,202205,MAPFRE TEPEYAC AUTO ,31436120399,6/21/2020,GRUA ,MAZDA ,Warren Arnold,16600703 8620,NANCY,Oman,4653,554-928-5784,L3Y 5C0
346,202109,GNP SINIESTROS REGULARES,68903655099,6/27/2020,COMBUSTIBLE ,MAPFRE SEGUROS ,Eliana Santana,16261009 4936,EDGAR,Andorra,7492,559-111-4095,L3H 6L2
347,202106,MAZDA ,25988893599,12/10/2020,AUXILIO VIAL ,GENERAL MOTORS ,Marah Shepard,16411212 6497,NANCY,Sudan,3329,557-225-4267,L3G 5G8
348,202110,GNP DESBORDE ,81440347799,6/26/2020,GRUA ,MAPFRE ASISTENCIA ,Jael Levy,16710505 4048,SUSANA,Cape Verde,7152,555-363-7985,L2W 6G7
349,202203,MAPFRE HOSPITALIZACION FAMILIAR ,93284582599,11/9/2020,GRUA ,GENERAL MOTORS ,Price Noel,16110305 7244,SUEMY,Isle of Man,4472,557-606-4701,L1Y 1G3
350,202204,MAPFRE HOSPITALIZACION FAMILIAR ,92726016399,12/6/2020,URGENCIAS HOSPITAL ,SEGUROS ATLAS ,Adrian Davidson,16771217 0971,EDGAR,Bolivia,8553,554-324-1803,L1J 1R6
351,202204,MAPFRE ESPA헤 - CORRESPONSALIA ,53890026699,5/15/2022,AUXILIO VIAL ,MAPFRE SEGUROS ,Brenna Wiggins,16750614 2145,EDGAR,Madagascar,5316,552-268-5103,K9R 5N3
352,202108,MAZDA ,22589788799,9/2/2021,URGENCIAS HOSPITAL ,MAPFRE SEGUROS ,Gannon Delacruz,16960428 4217,TANIA,Saint Lucia,831,557-326-1086,K9J 1G6
353,202205,MAPFRE HOSPITALIZACION FAMILIAR ,83746930399,8/17/2020,AUXILIO VIAL ,MAPFRE ASISTENCIA ,Kitra Ewing,16961210 9620,EDGAR,Falkland Islands,9783,558-615-5468,K8T 5O1
354,202110,MAPFRE HOSPITALIZACION FAMILIAR ,90317854099,12/29/2020,GRUA ,GNP ,Keefe Barrera,16510907 5704,SUEMY,Sri Lanka,9925,553-732-6043,K8K 9S0
355,202201,MAPFRE ESPA헤 - CORRESPONSALIA ,6369263799,11/25/2021,CASETAS ,SEGUROS ATLAS ,Quinn Francis,16281126 5913,SUEMY,Kuwait,7718,559-596-9624,K8B 9D2
356,202204,SEGUROS ATLAS AUTOS 15-20 A헲S,90376160699,12/10/2021,GRUA ,MAPFRE ASISTENCIA ,Kuame Nixon,16930524 1417,MARISOL,Algeria,2503,558-956-4194,K7X 3H9
357,202110,MAPFRE TEPEYAC AUTO ,33695127999,2/3/2022,GRUA ,SEGUROS ATLAS ,Alan Stout,16790501 9225,EDGAR,American Samoa,736,552-719-7380,K7A 4Q3
358,202204,GNP DESBORDE ,23760993499,3/19/2022,PAGO DIRECTO ,MAPFRE SEGUROS ,Felix Carney,16260904 9073,MARISOL,Togo,6791,553-188-8022,K5H 3M5
359,202112,SEGUROS ATLAS AUTOS 15-20 A헲S,94377268799,12/29/2021,PAGO DIRECTO ,MAPFRE SEGUROS ,May Bean,16291111 4466,EDGAR,Bahrain,8105,556-946-4276,K5C 9E6
360,202110,GNP DESBORDE ,99939726599,10/7/2020,AUXILIO VIAL ,GONER,Channing Stuart,16140230 5641,MARISOL,Libya,3677,559-594-2453,K4K 5I5
361,202204,MAPFRE HOSPITALIZACION FAMILIAR ,12723938799,10/29/2020,COMBUSTIBLE ,GONER,Abdul Olsen,16630321 4404,SUSANA,Solomon Islands,3970,554-340-0086,K4E 5U7
362,202107,GERNERAL MOTORS - ASISTENCIA ,85208314299,3/15/2022,COMBUSTIBLE ,GENERAL MOTORS ,Baker Gardner,16140924 0858,MARISOL,Greece,2657,550-448-6979,K3Z 6V7
363,202201,GNP BANCA POR EXPUESTO ,82340835899,6/5/2021,AUXILIO VIAL ,GENERAL MOTORS ,Mona Blake,16820916 1978,NANCY,Reunion,9152,557-698-1363,K3V 6B6
364,202111,MAZDA ,5649389499,4/18/2022,PAGO DIRECTO ,SEGUROS ATLAS ,Porter Paul,16400822 5445,SUEMY,Belarus,5264,551-499-8148,K2V 8E8
365,202203,GNP BANCA POR EXPUESTO ,12475258599,7/30/2021,URGENCIAS HOSPITAL ,MAPFRE ASISTENCIA ,Axel Stephens,16130913 3633,MARISOL,Cameroon,7862,553-803-0663,K2R 6T7
366,202108,MAPFRE TEPEYAC AUTO ,83685977499,3/23/2022,PAGO DIRECTO ,MAPFRE ASISTENCIA ,Julian Mason,16010708 2596,SUSANA,Botswana,9855,552-122-5625,K2O 7A2
367,202107,MAPFRE HOSPITALIZACION FAMILIAR ,90691599399,3/1/2022,AUXILIO VIAL ,MAPFRE ASISTENCIA ,Alyssa Prince,16340922 2571,EDGAR,France,2244,559-468-3443,K2B 5D8
368,202108,MAPFRE TEPEYAC AUTO ,32847001099,12/6/2020,URGENCIAS HOSPITAL ,MAPFRE SEGUROS ,Fiona Patel,16240210 3473,MARISOL,Czech Republic,3240,554-421-7470,K2B 3G6
369,202106,GNP DESBORDE ,54550312199,9/10/2020,AUXILIO VIAL ,GONER,Jerome Lara,16210412 4488,EDGAR,Tunisia,6236,558-749-3512,K1R 3I4
370,202203,GNP SINIESTROS REGULARES,16250855499,3/21/2021,AUXILIO VIAL ,SEGUROS ATLAS ,Uriah Farley,16530804 9229,CESAR,Honduras,9542,552-485-4627,K1H 7B9
371,202109,GNP DESBORDE ,98682982999,5/12/2021,PAGO DIRECTO ,SEGUROS ATLAS ,Upton Turner,16880725 9117,MARISOL,Liechtenstein,2379,551-295-1813,K1H 7B9
372,202107,MAPFRE TEPEYAC AUTO ,775673599,6/21/2021,PAGO DIRECTO ,MAPFRE ASISTENCIA ,Uriah Farley,16290703 7465,CESAR,Macao,1149,555-591-3795,K1H 7B12
373,202203,MAPFRE HOSPITALIZACION FAMILIAR ,50442268599,1/25/2021,URGENCIAS HOSPITAL ,SEGUROS ATLAS ,Uriah Farley,16080701 6829,CESAR,India,3376,558-354-1775,K1H 7B11
374,202108,GNP DESBORDE ,66321771799,11/9/2020,COMBUSTIBLE ,SEGUROS ATLAS ,Uriah Farley,16301110 0710,NANCY,Cook Islands,8296,550-151-0994,K1H 7B10
375,202204,MAPFRE HOSPITALIZACION FAMILIAR ,77256726399,4/28/2021,CASETAS ,MAZDA ,Mira Oliver,16921222 0074,TANIA,Comoros,2583,558-685-7448,K0X 6M8
376,202201,GNP DESBORDE ,6686488499,5/11/2022,CASETAS ,MAZDA ,Flynn Cook,16050819 3372,SUSANA,Uruguay,8745,556-844-2150,K0R 5L2
377,202201,MAPFRE ESPA헤 - CORRESPONSALIA ,74746514399,8/12/2020,CASETAS ,MAPFRE SEGUROS ,Taylor Lloyd,16851221 5677,MARISOL,Georgia,3339,559-541-6604,K0F 8B1
378,202202,GNP BANCA POR EXPUESTO ,21787272499,9/14/2021,PAGO DIRECTO ,GENERAL MOTORS ,Galvin Terrell,16490815 7722,SUSANA,Cape Verde,7556,550-248-5433,K0C 8W9
379,202106,GNP DESBORDE ,38510979199,12/30/2021,PAGO DIRECTO ,GONER,Macon Mcdonald,16660108 1786,TANIA,Saint Lucia,6084,550-741-0487,J9Z 2D8
380,202205,MAPFRE SEGUROS REGULARES ,65705989099,3/9/2021,AUXILIO VIAL ,SEGUROS ATLAS ,Prescott Kelley,16660618 9923,SUEMY,Cura網o,7075,553-694-7803,J9X 7F7
381,202111,GNP BANCA POR EXPUESTO ,57223062299,9/20/2020,PAGO DIRECTO ,MAPFRE ASISTENCIA ,Thaddeus Walton,16041115 7324,CESAR,Laos,1434,554-625-2944,J9R 8X6
382,202109,GNP DESBORDE ,45514191299,6/27/2020,COMBUSTIBLE ,SEGUROS ATLAS ,Ingrid Trevino,16170625 7662,SUEMY,French Guiana,8740,553-434-0620,J9H 3M0
383,202106,GNP SINIESTROS REGULARES,875062199,11/2/2021,CASETAS ,GONER,Bruce Oneill,16590508 2813,TANIA,British Indian Ocean Territory,2392,559-340-2817,J9C 3N0
384,202203,GNP BANCA POR EXPUESTO ,60638715699,10/29/2021,PAGO DIRECTO ,GONER,Clinton Wilkerson,16330116 0077,CESAR,Sudan,2261,559-265-8599,J8Z 0V9
385,202106,MAPFRE HOSPITALIZACION FAMILIAR ,58209538099,3/13/2021,AUXILIO VIAL ,SEGUROS ATLAS ,Nola Deleon,16730228 8258,EDGAR,Pitcairn Islands,1223,551-150-1911,J8Q 9H3
386,202204,MAPFRE HOSPITALIZACION FAMILIAR ,87312375699,9/17/2020,URGENCIAS HOSPITAL ,GNP ,Rylee Huber,16030725 5034,CESAR,Antigua and Barbuda,9711,550-962-7387,J8J 8Y7
387,202203,MAPFRE TEPEYAC AUTO ,96743945699,4/23/2022,PAGO DIRECTO ,GONER,Kylan Roach,16941221 5148,SUSANA,Puerto Rico,1717,553-103-9680,J8G 7O9
388,202111,MAZDA ,79718564699,7/6/2020,COMBUSTIBLE ,MAPFRE SEGUROS ,Zeph David,16070229 3994,SUEMY,Luxembourg,5269,551-850-0246,J7I 6L6
389,202204,SEGUROS ATLAS AUTOS 15-20 A헲S,48705596999,11/19/2020,COMBUSTIBLE ,MAPFRE SEGUROS ,Aubrey Lynch,16900112 7597,TANIA,Saint Barth複emy,9851,552-257-7609,J7I 5K9
390,202112,GNP SINIESTROS REGULARES,83215648399,7/28/2020,URGENCIAS HOSPITAL ,GONER,Risa Yang,16020619 2031,SUSANA,Sao Tome and Principe,9066,555-316-3939,J7H 1J6
391,202205,SEGUROS ATLAS AUTOS 15-20 A헲S,98488398299,5/17/2021,CASETAS ,MAPFRE ASISTENCIA ,Melinda Payne,16870404 6864,MARISOL,Togo,6785,552-847-0599,J7F 5J2
392,202109,GNP DESBORDE ,39941986299,8/7/2020,COMBUSTIBLE ,MAZDA ,Hakeem Mitchell,16650602 6522,SUSANA,Argentina,1687,552-473-2781,J6W 2J5
393,202109,GNP DESBORDE ,79646448099,7/14/2020,PAGO DIRECTO ,GONER,Jamal Gay,16810229 8224,SUEMY,Barbados,5973,551-715-3104,J6J 7P9
394,202202,GNP SINIESTROS REGULARES,86496233499,6/16/2021,PAGO DIRECTO ,GENERAL MOTORS ,Geoffrey Mills,16401211 5160,SUEMY,Rwanda,899,555-735-3605,J5Y 9T4
395,202112,MAZDA ,44750201199,4/14/2021,CASETAS ,GONER,Mufutau Garrett,16980403 0865,MARISOL,Benin,1303,552-655-0448,J4Y 8P9
396,202106,MAPFRE ESPA헤 - CORRESPONSALIA ,3673982799,11/23/2020,CASETAS ,MAZDA ,Alfreda Lynch,16240704 1462,EDGAR,Indonesia,5620,557-903-4334,J4T 8U9
397,202107,MAPFRE SEGUROS REGULARES ,37301893399,1/17/2022,PAGO DIRECTO ,GNP ,Rigel Moran,16370924 2063,EDGAR,Panama,6183,558-492-1137,J4R 5X5
398,202204,MAPFRE ESPA헤 - CORRESPONSALIA ,63349190399,12/9/2020,PAGO DIRECTO ,GENERAL MOTORS ,Cally Flowers,16620330 6508,MARISOL,Sweden,2727,550-891-0501,J4Q 4K0
399,202201,MAPFRE ESPA헤 - CORRESPONSALIA ,78896736199,7/5/2020,CASETAS ,GENERAL MOTORS ,Ayanna Stephenson,16930120 2892,SUSANA,Madagascar,5826,559-584-1473,J4M 3R6
400,202105,MAPFRE HOSPITALIZACION FAMILIAR ,70521395199,3/1/2022,COMBUSTIBLE ,MAPFRE ASISTENCIA ,Beau Rich,16131220 6723,CESAR,Iran,3150,551-544-5327,J4K 8R1
401,202107,GERNERAL MOTORS - ASISTENCIA ,41738549699,6/19/2020,CASETAS ,GONER,Amy Brewer,16941121 9281,CESAR,Saint Pierre and Miquelon,796,554-725-7285,J4I 9J8
402,202105,MAPFRE TEPEYAC AUTO ,77777841499,3/31/2022,PAGO DIRECTO ,MAPFRE ASISTENCIA ,Ulysses Carroll,16260118 5792,SUEMY,Mauritania,3231,556-789-9682,J4F 7Y2
403,202106,MAZDA ,26615264999,3/14/2022,GRUA ,MAPFRE SEGUROS ,Giselle Phelps,16060824 6260,EDGAR,Kiribati,4923,551-140-2909,J3S 7R1
404,202107,GNP BANCA POR EXPUESTO ,26738637899,12/17/2021,CASETAS ,MAPFRE SEGUROS ,Hector Michael,16530816 6742,MARISOL,Kyrgyzstan,9962,553-284-9092,J3R 7G1
405,202108,MAPFRE SEGUROS REGULARES ,75927361099,9/13/2021,PAGO DIRECTO ,MAPFRE SEGUROS ,Rose Chang,16320509 8944,EDGAR,Belgium,7335,558-692-6289,J3M 8Z0
406,202107,GERNERAL MOTORS - ASISTENCIA ,39438719199,3/28/2022,URGENCIAS HOSPITAL ,GONER,Anjolie Hatfield,16440626 1117,TANIA,Cyprus,1984,550-781-6790,J3L 9O4
407,202204,MAPFRE SEGUROS REGULARES ,47884613799,3/21/2021,PAGO DIRECTO ,MAZDA ,Brett Chase,16690614 8850,SUEMY,San Marino,6617,553-731-1875,J2E 7V9
408,202202,MAZDA ,18597056099,8/26/2020,GRUA ,SEGUROS ATLAS ,August Cabrera,16130901 9295,MARISOL,South Sudan,1883,555-452-0334,J1Y 7D2
409,202108,MAPFRE HOSPITALIZACION FAMILIAR ,77614262599,10/1/2020,URGENCIAS HOSPITAL ,GONER,Byron Sargent,16180409 4421,EDGAR,San Marino,9030,552-955-1833,J1X 7W4
410,202204,MAPFRE ESPA헤 - CORRESPONSALIA ,51966191899,8/1/2021,COMBUSTIBLE ,GENERAL MOTORS ,Clare Avery,16400903 1693,SUSANA,Lebanon,6481,557-340-5227,J1V 9S9
411,202203,MAPFRE TEPEYAC AUTO ,84268322599,1/20/2022,COMBUSTIBLE ,SEGUROS ATLAS ,Brooke Tate,16331010 4975,TANIA,Nigeria,3047,553-355-6054,J1I 2Y0
412,202105,MAPFRE SEGUROS REGULARES ,50677425099,3/7/2021,GRUA ,SEGUROS ATLAS ,Odessa May,16580223 4079,TANIA,Uzbekistan,5309,551-866-8379,J0K 7K1
413,202108,MAPFRE HOSPITALIZACION FAMILIAR ,56750728699,6/26/2021,GRUA ,MAPFRE SEGUROS ,Akeem Marsh,16991101 6534,SUEMY,Sint Maarten,4687,555-705-3256,I9M 7Y3
414,202112,MAPFRE ESPA헤 - CORRESPONSALIA ,37441067799,12/16/2021,CASETAS ,MAPFRE SEGUROS ,Xena Stephenson,16090313 8303,MARISOL,Norway,9218,556-420-9954,I9I 0P0
415,202111,GNP DESBORDE ,72658592799,5/22/2022,AUXILIO VIAL ,GONER,Kellie Ross,16510218 8462,SUEMY,Nauru,1065,558-310-8570,I9C 7B6
416,202203,MAPFRE ESPA헤 - CORRESPONSALIA ,37257179499,12/31/2020,AUXILIO VIAL ,GONER,Josiah Cannon,16070802 6471,MARISOL,Indonesia,8983,551-786-3136,I9B 8L8
417,202201,SEGUROS ATLAS AUTOS 15-20 A헲S,39629499199,3/31/2021,CASETAS ,MAPFRE SEGUROS ,Samuel Hutchinson,16011008 3706,CESAR,Belgium,891,552-546-2597,I8J 4I1
418,202107,MAPFRE ESPA헤 - CORRESPONSALIA ,29478768099,4/20/2021,AUXILIO VIAL ,GONER,Pandora Watson,16770509 2620,CESAR,Comoros,6394,558-350-1298,I8E 4Z3
419,202111,GNP SINIESTROS REGULARES,26733078899,4/1/2021,URGENCIAS HOSPITAL ,MAPFRE ASISTENCIA ,Kennan Aguirre,16341007 7030,SUEMY,Bolivia,7892,556-924-7092,I7Q 0D5
420,202107,MAPFRE TEPEYAC AUTO ,69255347099,3/28/2021,GRUA ,MAPFRE ASISTENCIA ,Xenos Taylor,16890207 9782,SUSANA,Montserrat,2609,556-842-6589,I7E 7G1
421,202201,MAPFRE ESPA헤 - CORRESPONSALIA ,83657340899,12/24/2020,CASETAS ,GONER,Rylee Coleman,16670623 0304,TANIA,Liberia,6180,559-625-1162,I6P 7N0
422,202112,GNP BANCA POR EXPUESTO ,72353661799,4/2/2021,PAGO DIRECTO ,GENERAL MOTORS ,Joy Parrish,16450301 6646,CESAR,Belarus,2679,559-249-9915,I5H 2S6
423,202110,GNP BANCA POR EXPUESTO ,678635999,4/12/2022,PAGO DIRECTO ,GENERAL MOTORS ,Jared Howell,16180927 6007,MARISOL,"Virgin Islands, British",9569,556-972-9564,I5H 2S6
424,202202,GERNERAL MOTORS - ASISTENCIA ,72914813999,3/10/2022,URGENCIAS HOSPITAL ,MAZDA ,Jared Howell,16420124 6800,SUEMY,Liechtenstein,5252,556-972-9564,I5H 2S6
425,202201,MAZDA ,62668372999,9/21/2021,CASETAS ,MAPFRE SEGUROS ,Sybil Underwood,16900917 9079,SUEMY,Falkland Islands,2884,557-613-6708,I5G 4V7
426,202106,MAPFRE ESPA헤 - CORRESPONSALIA ,57226101299,7/28/2021,PAGO DIRECTO ,MAZDA ,Linus Dawson,16610714 3718,NANCY,Gibraltar,2936,557-468-0351,I5B 0G7
427,202105,MAPFRE SEGUROS REGULARES ,88233209599,1/4/2021,PAGO DIRECTO ,GENERAL MOTORS ,Larissa Farley,16231221 2653,CESAR,United States Minor Outlying Islands,3319,550-254-8295,I4Z 4H5
428,202107,SEGUROS ATLAS AUTOS 15-20 A헲S,75918802499,6/28/2021,PAGO DIRECTO ,GENERAL MOTORS ,Zephr Vinson,16391212 1948,NANCY,Israel,9037,558-457-0716,I4W 8T2
429,202110,MAPFRE HOSPITALIZACION FAMILIAR ,55841385999,9/9/2021,GRUA ,MAPFRE ASISTENCIA ,Driscoll Hughes,16110230 4530,CESAR,Guadeloupe,7279,555-561-6717,I1Z 5C8
430,202111,GERNERAL MOTORS - ASISTENCIA ,9597037899,9/24/2020,PAGO DIRECTO ,SEGUROS ATLAS ,Daria Vincent,16740204 5764,TANIA,Austria,1387,552-986-8666,I1V 8U8
431,202201,SEGUROS ATLAS AUTOS 15-20 A헲S,73846451099,11/13/2021,URGENCIAS HOSPITAL ,MAPFRE SEGUROS ,Lester Lamb,16291203 4218,EDGAR,Marshall Islands,867,553-548-4989,I1Q 8D5
432,202105,GNP BANCA POR EXPUESTO ,60380726599,4/5/2022,URGENCIAS HOSPITAL ,GNP ,Kellie Nguyen,16211207 0202,NANCY,Uruguay,857,551-867-1437,I1N 4N9
433,202205,GNP DESBORDE ,87861085799,11/20/2021,COMBUSTIBLE ,GENERAL MOTORS ,MacKensie Harper,16080702 9780,EDGAR,New Zealand,3907,550-225-0743,I0L 9M5
434,202111,GERNERAL MOTORS - ASISTENCIA ,82325317099,4/4/2022,URGENCIAS HOSPITAL ,GENERAL MOTORS ,Connor Rodriguez,16960212 5032,SUEMY,Nauru,3241,555-204-2471,H9L 1Q8
435,202205,GNP DESBORDE ,20764705399,3/28/2022,GRUA ,GENERAL MOTORS ,Ella Lindsay,16370710 1402,SUSANA,Qatar,3860,550-554-4918,H9I 5B3
436,202203,MAPFRE HOSPITALIZACION FAMILIAR ,8776556899,11/16/2020,AUXILIO VIAL ,SEGUROS ATLAS ,Dean Cooper,16611224 4915,SUSANA,Vanuatu,7853,558-542-4890,H9F 0C0
437,202202,MAZDA ,23313964599,8/31/2020,AUXILIO VIAL ,GNP ,Xena Stephenson,16450408 7158,SUSANA,Switzerland,3800,559-269-7815,H8G 7H5
438,202105,MAZDA ,45441626399,9/10/2021,COMBUSTIBLE ,MAPFRE SEGUROS ,Xena Stephenson,16051016 6143,SUEMY,Lebanon,6226,553-537-8150,H8G 7H5
439,202109,MAPFRE TEPEYAC AUTO ,69869571399,7/13/2020,CASETAS ,MAZDA ,Jasper Emerson,16071010 4621,TANIA,Sri Lanka,1237,559-420-2759,H8E 0O2
440,202112,MAPFRE SEGUROS REGULARES ,93717886699,1/22/2022,GRUA ,MAPFRE SEGUROS ,Anjolie Humphrey,16540202 4425,SUEMY,Saint Pierre and Miquelon,9107,556-169-7020,H7S 9V9
441,202204,GNP DESBORDE ,58609666499,9/17/2021,PAGO DIRECTO ,GENERAL MOTORS ,Jocelyn Christian,16100326 8156,CESAR,Saudi Arabia,8195,559-863-8236,H7F 7E7
442,202109,MAPFRE ESPA헤 - CORRESPONSALIA ,75403454499,1/2/2022,GRUA ,SEGUROS ATLAS ,Adam Fischer,16831112 7321,NANCY,Dominican Republic,7575,551-666-0507,H7F 0T6
443,202205,SEGUROS ATLAS AUTOS 15-20 A헲S,45247543399,11/7/2021,AUXILIO VIAL ,MAPFRE SEGUROS ,Walter Watson,16880820 8097,CESAR,Slovenia,7350,555-788-5436,H6X 3F5
444,202105,MAPFRE ESPA헤 - CORRESPONSALIA ,79407666499,1/4/2022,GRUA ,MAPFRE ASISTENCIA ,Evan Witt,16761127 4643,TANIA,Suriname,1706,556-314-5946,H6V 7L5
445,202106,MAPFRE SEGUROS REGULARES ,70382237499,2/14/2022,COMBUSTIBLE ,MAPFRE SEGUROS ,Duncan Durham,16290829 7886,TANIA,Tanzania,7257,555-137-5878,H6N 2B7
446,202106,MAZDA ,97731774699,11/1/2020,PAGO DIRECTO ,MAPFRE ASISTENCIA ,Basil Simpson,16320122 4411,MARISOL,Uzbekistan,2809,557-192-4967,H5V 8U3
447,202203,GNP DESBORDE ,59754453299,5/24/2022,PAGO DIRECTO ,GENERAL MOTORS ,Francesca Morin,16190512 9670,CESAR,Mauritius,4015,555-795-6653,H5D 4M3
448,202205,MAZDA ,82803466199,11/12/2020,COMBUSTIBLE ,MAPFRE ASISTENCIA ,Aristotle Walls,16561026 4201,MARISOL,Guadeloupe,6554,553-584-2435,H5A 5X3
449,202204,MAZDA ,88348237999,7/30/2021,AUXILIO VIAL ,GENERAL MOTORS ,Cairo Hall,16330227 2137,MARISOL,Romania,2698,559-242-2901,H4T 4O7
450,202107,MAPFRE TEPEYAC AUTO ,5407784699,5/6/2022,CASETAS ,GENERAL MOTORS ,Tatum Cummings,16520314 9025,CESAR,Belarus,9562,550-169-4506,H4B 5J0
451,202205,MAPFRE TEPEYAC AUTO ,58655269399,10/20/2020,CASETAS ,MAZDA ,Indigo Adams,16920427 3396,NANCY,Viet Nam,2780,552-107-8804,H3H 9Q9
452,202201,MAPFRE SEGUROS REGULARES ,6864446099,7/31/2021,PAGO DIRECTO ,SEGUROS ATLAS ,Oprah Simon,16780229 6991,CESAR,Iceland,1042,559-994-1911,H2P 2A0
453,202105,GNP BANCA POR EXPUESTO ,47643331899,5/30/2020,PAGO DIRECTO ,MAZDA ,Mohammad Ford,16080711 8435,TANIA,Turks and Caicos Islands,8534,556-719-4197,H1O 0Z4
454,202108,GNP DESBORDE ,3696859199,5/15/2022,AUXILIO VIAL ,GENERAL MOTORS ,Katell Kinney,16730429 0955,EDGAR,Hong Kong,525,550-568-1521,H1K 3P1
455,202201,GNP BANCA POR EXPUESTO ,31220762599,8/17/2021,GRUA ,GONER,Jade Norman,16221213 4080,NANCY,Cape Verde,5287,553-391-2432,H0P 5N4
456,202108,MAZDA ,40420896599,5/26/2021,URGENCIAS HOSPITAL ,MAPFRE ASISTENCIA ,Quintessa Ratliff,16391029 8540,TANIA,Norfolk Island,798,550-730-9764,H0K 3A9
457,202203,GNP SINIESTROS REGULARES,51612130199,9/27/2020,COMBUSTIBLE ,MAPFRE SEGUROS ,Tate Cross,16800711 9632,SUSANA,Cyprus,965,555-483-4298,H0D 5X0
458,202110,MAPFRE HOSPITALIZACION FAMILIAR ,80204838299,11/14/2020,CASETAS ,GNP ,Vielka Espinoza,16660320 8163,TANIA,Holy See (Vatican City State),1964,558-558-2096,G8Q 0X6
459,202202,MAPFRE SEGUROS REGULARES ,94449678899,10/12/2021,AUXILIO VIAL ,SEGUROS ATLAS ,Keelie Webster,16980921 7798,SUSANA,Congo (Brazzaville),9366,558-152-9356,G8O 8H6
460,202110,MAPFRE HOSPITALIZACION FAMILIAR ,18402810399,10/18/2021,AUXILIO VIAL ,SEGUROS ATLAS ,Hunter Hatfield,16231203 0709,NANCY,South Georgia and The South Sandwich Islands,5550,551-597-5087,G7A 1K5
461,202201,MAPFRE ESPA헤 - CORRESPONSALIA ,25859342599,7/13/2020,COMBUSTIBLE ,MAPFRE SEGUROS ,Basil Simpson,16910927 8649,NANCY,Uzbekistan,7067,553-352-5280,G6W 5U3
462,202106,SEGUROS ATLAS AUTOS 15-20 A헲S,38426880599,1/3/2022,URGENCIAS HOSPITAL ,GENERAL MOTORS ,Dexter Cannon,16880702 4941,CESAR,Burkina Faso,3248,555-877-9147,G6O 7F0
463,202106,MAPFRE HOSPITALIZACION FAMILIAR ,7820516899,12/9/2020,GRUA ,MAZDA ,Acton Head,16620424 4310,EDGAR,Belgium,576,558-511-9358,G6L 5M3
464,202108,MAPFRE SEGUROS REGULARES ,77502312699,3/31/2022,URGENCIAS HOSPITAL ,GENERAL MOTORS ,Cedric Chang,16790411 2872,TANIA,Bahrain,6472,553-306-9204,G5X 1J9
465,202108,SEGUROS ATLAS AUTOS 15-20 A헲S,99253053899,2/20/2022,COMBUSTIBLE ,SEGUROS ATLAS ,Tanner Owens,16630503 7548,CESAR,Gambia,214,555-968-2635,G5P 4U9
466,202108,MAZDA ,70726943799,5/3/2021,PAGO DIRECTO ,SEGUROS ATLAS ,Hollee Cruz,16700811 0681,SUSANA,San Marino,5911,552-442-9420,G5B 9D0
467,202203,GNP BANCA POR EXPUESTO ,66410177699,5/30/2021,AUXILIO VIAL ,GONER,Desiree Collins,16160808 1764,NANCY,Syria,9949,550-282-9897,G4T 4T1
468,202201,GNP BANCA POR EXPUESTO ,85605988999,5/30/2021,COMBUSTIBLE ,GONER,Jolene Oneal,16310225 9623,SUSANA,Guinea,9755,555-154-8386,G4S 6M9
469,202108,GNP BANCA POR EXPUESTO ,48799411199,5/5/2021,PAGO DIRECTO ,SEGUROS ATLAS ,Keelie Giles,16711216 4087,SUEMY,Thailand,4484,557-762-5337,G4Q 0I9
470,202112,SEGUROS ATLAS AUTOS 15-20 A헲S,60542604899,7/10/2021,COMBUSTIBLE ,GNP ,Craig Hendrix,16570910 4912,CESAR,Tuvalu,244,556-175-5338,G4P 4O8
471,202203,MAPFRE SEGUROS REGULARES ,65210906899,8/20/2021,PAGO DIRECTO ,GONER,Ezekiel Berger,16230426 2138,EDGAR,China,2433,554-481-4903,G4N 2U6
472,202204,GNP SINIESTROS REGULARES,64638460499,3/10/2021,CASETAS ,GNP ,Tyrone Hunter,16410505 4581,CESAR,"Palestine, State of",3449,558-788-7396,G3D 1I3
473,202204,MAPFRE SEGUROS REGULARES ,97242475699,3/18/2022,PAGO DIRECTO ,MAPFRE SEGUROS ,Hannah Velazquez,16381104 6337,CESAR,Kuwait,1305,550-260-8819,G2S 2N5
474,202205,SEGUROS ATLAS AUTOS 15-20 A헲S,94823817099,1/25/2021,PAGO DIRECTO ,GNP ,Flynn Farmer,16331002 9040,SUSANA,Japan,6050,559-376-9913,G2O 7J3
475,202112,MAPFRE HOSPITALIZACION FAMILIAR ,49741236299,7/2/2020,AUXILIO VIAL ,MAZDA ,Inez Reeves,16051129 1585,SUEMY,Georgia,2180,550-117-1956,G2I 3D7
476,202112,GNP SINIESTROS REGULARES,21610483499,12/18/2021,CASETAS ,GENERAL MOTORS ,Ross Austin,16630701 9387,SUEMY,Namibia,3000,556-510-9329,G2A 3I9
477,202112,GERNERAL MOTORS - ASISTENCIA ,13228700299,5/10/2022,AUXILIO VIAL ,GONER,Emery Solis,16970920 1413,CESAR,Monaco,5995,556-344-1962,G1Y 1A1
478,202203,GNP DESBORDE ,48596727899,4/23/2022,COMBUSTIBLE ,MAZDA ,Montana Wilcox,16581224 9562,SUSANA,Bangladesh,8545,558-644-4816,G1M 9B7
479,202203,SEGUROS ATLAS AUTOS 15-20 A헲S,884644099,6/19/2020,CASETAS ,MAPFRE ASISTENCIA ,Sybil Tate,16870821 7354,SUSANA,Burundi,1363,559-744-7246,G1I 9I3
480,202110,MAPFRE TEPEYAC AUTO ,23747898399,12/16/2021,URGENCIAS HOSPITAL ,MAPFRE SEGUROS ,Oren Hancock,16920427 3396,MARISOL,Holy See (Vatican City State),7196,559-804-9304,G0E 0D0
481,202204,GERNERAL MOTORS - ASISTENCIA ,73486622699,4/25/2021,AUXILIO VIAL ,GNP ,Mufutau Martin,16810818 8494,CESAR,Bangladesh,5018,550-551-4467,F9Q 6I5
482,202107,MAPFRE TEPEYAC AUTO ,67464233999,10/14/2020,AUXILIO VIAL ,GENERAL MOTORS ,Dylan Beck,16240210 3473,MARISOL,Iran,5549,555-977-7365,F9M 2J0
483,202107,GNP DESBORDE ,69560936499,7/18/2020,CASETAS ,MAZDA ,Igor Crawford,16660715 4694,EDGAR,Japan,5127,553-477-2786,F9I 3Y4
484,202107,MAZDA ,24742158399,1/27/2022,COMBUSTIBLE ,GONER,Simon Goodwin,16001016 5629,NANCY,Greece,9343,550-792-0233,F8O 0F8
485,202110,MAZDA ,1323511999,4/29/2021,COMBUSTIBLE ,MAPFRE SEGUROS ,Keith Burch,16210811 7439,TANIA,"Korea, South",5989,552-880-0991,F8F 6V9
486,202203,GNP SINIESTROS REGULARES,7409207099,5/10/2022,AUXILIO VIAL ,SEGUROS ATLAS ,Rashad Mccall,16190707 4668,SUEMY,Armenia,253,552-597-1014,F7Z 0U5
487,202109,SEGUROS ATLAS AUTOS 15-20 A헲S,52639295999,4/12/2022,PAGO DIRECTO ,MAPFRE SEGUROS ,Fiona Benton,16790523 3388,EDGAR,Tanzania,3156,554-235-5656,F7T 9J3
488,202111,MAZDA ,84869920499,9/9/2021,COMBUSTIBLE ,MAPFRE ASISTENCIA ,Samantha Ratliff,16961210 9620,EDGAR,Ireland,8469,557-574-4128,F7S 4Z7
489,202204,MAPFRE TEPEYAC AUTO ,95849291699,11/23/2021,CASETAS ,MAPFRE ASISTENCIA ,Jaime Foley,16171208 8390,NANCY,Jordan,1298,555-396-2736,F6A 0B9
490,202105,GNP BANCA POR EXPUESTO ,53309541399,5/23/2022,CASETAS ,SEGUROS ATLAS ,Upton Lang,16790520 4355,SUSANA,Ecuador,6207,552-491-8447,F5J 4O5
491,202204,SEGUROS ATLAS AUTOS 15-20 A헲S,53816775499,10/13/2021,GRUA ,GONER,Garrett Schultz,16821026 7368,NANCY,Fiji,6809,551-820-7802,F4G 3I6
492,202205,GNP DESBORDE ,72649343999,11/29/2020,PAGO DIRECTO ,MAPFRE SEGUROS ,Macon Horne,16220230 3430,SUEMY,Australia,3832,552-426-9738,F3H 9N6
493,202111,MAPFRE ESPA헤 - CORRESPONSALIA ,31470147599,10/3/2020,COMBUSTIBLE ,SEGUROS ATLAS ,Wendy Chapman,16011219 1895,NANCY,Northern Mariana Islands,2010,557-983-0286,F3C 8K9
494,202111,MAPFRE SEGUROS REGULARES ,1637590399,2/28/2021,PAGO DIRECTO ,MAPFRE ASISTENCIA ,Grady Morrow,16950402 9431,CESAR,Guyana,4206,556-193-0236,F1Y 7P2
495,202202,GNP SINIESTROS REGULARES,3928619599,7/16/2020,CASETAS ,GONER,Emerson Briggs,16130913 5893,TANIA,Switzerland,3404,554-315-3236,F0S 3Q6
496,202202,MAPFRE SEGUROS REGULARES ,46236997499,11/9/2020,COMBUSTIBLE ,GNP ,Bradley Watkins,16640901 2363,NANCY,Cura網o,1610,557-914-4076,E9U 9F3
497,202111,MAPFRE HOSPITALIZACION FAMILIAR ,78772938599,7/20/2020,URGENCIAS HOSPITAL ,MAPFRE ASISTENCIA ,Chelsea Ingram,16560924 7365,NANCY,Guinea,5693,555-599-7977,E9J 6D9
498,202105,MAPFRE ESPA헤 - CORRESPONSALIA ,79598518399,2/8/2022,GRUA ,MAPFRE ASISTENCIA ,Gavin Holman,16900917 9079,CESAR,Colombia,5458,556-999-3843,E8M 2J0
499,202110,MAPFRE TEPEYAC AUTO ,2772870799,10/31/2020,AUXILIO VIAL ,GNP ,Chiquita Snider,16490816 9255,SUEMY,Botswana,5253,556-261-0643,E7X 4N1
500,202110,GNP BANCA POR EXPUESTO ,28410312199,11/27/2021,URGENCIAS HOSPITAL ,GONER,Fletcher Herring,16340427 3413,NANCY,Ghana,9843,550-397-7035,E7X 0U1
501,202105,MAPFRE HOSPITALIZACION FAMILIAR ,97362651299,12/4/2020,AUXILIO VIAL ,SEGUROS ATLAS ,Cailin Good,16650722 5701,NANCY,Zimbabwe,5713,551-311-2130,E6N 3U6
502,202202,GNP DESBORDE ,36672594299,7/11/2020,GRUA ,MAPFRE ASISTENCIA ,Gay Dunlap,16190301 2910,SUEMY,Northern Mariana Islands,6119,557-983-1158,E5Z 6Q7
503,202202,GNP SINIESTROS REGULARES,71974501399,5/5/2021,PAGO DIRECTO ,SEGUROS ATLAS ,Inez Robbins,16160808 1764,SUSANA,Burundi,1509,554-988-6660,E5X 0H3
504,202203,MAPFRE HOSPITALIZACION FAMILIAR ,70860762699,6/15/2021,URGENCIAS HOSPITAL ,MAZDA ,Thaddeus Walton,16571226 8431,EDGAR,Micronesia,6714,556-474-3836,E5Q 0J6
505,202110,GNP DESBORDE ,76879849299,9/5/2021,GRUA ,GONER,Anastasia Hayden,16201002 8716,NANCY,Malta,3198,557-482-6649,E5N 7S1
506,202110,GERNERAL MOTORS - ASISTENCIA ,22607575099,8/30/2020,URGENCIAS HOSPITAL ,GNP ,Madaline Lott,16520728 7086,CESAR,Croatia,3880,554-279-7986,E5N 2O1
507,202111,GNP BANCA POR EXPUESTO ,16504494799,9/12/2020,PAGO DIRECTO ,SEGUROS ATLAS ,Bryar Roach,16111024 0528,TANIA,Nepal,5922,558-620-3693,E5L 2N6
508,202204,MAPFRE TEPEYAC AUTO ,16544441799,10/17/2021,COMBUSTIBLE ,SEGUROS ATLAS ,Laurel Chandler,16951123 5666,CESAR,Iceland,6558,551-517-9483,E5J 7L6
509,202203,MAPFRE ESPA헤 - CORRESPONSALIA ,65793901199,5/17/2021,COMBUSTIBLE ,SEGUROS ATLAS ,Patrick Woodard,16540307 7422,MARISOL,C進e D'Ivoire (Ivory Coast),3264,555-216-1123,E5H 0D9
510,202201,GNP SINIESTROS REGULARES,29920166199,5/18/2022,CASETAS ,MAPFRE ASISTENCIA ,Gage Harris,16071020 5956,SUSANA,Angola,9040,551-736-1790,E5E 8S3
511,202107,MAPFRE TEPEYAC AUTO ,93543647799,7/27/2020,COMBUSTIBLE ,MAPFRE ASISTENCIA ,Melvin Maldonado,16930107 5090,EDGAR,Czech Republic,1429,557-545-9498,E4Z 6D5
512,202201,MAZDA ,65434568899,1/13/2022,PAGO DIRECTO ,GNP ,Graham Glover,16331215 6650,MARISOL,Kyrgyzstan,7847,554-462-2752,E4P 0L8
513,202108,MAPFRE SEGUROS REGULARES ,14524061999,7/7/2020,GRUA ,MAZDA ,Driscoll Castro,16940212 8756,SUEMY,Isle of Man,2189,553-446-0514,E4E 6M0
514,202108,MAPFRE HOSPITALIZACION FAMILIAR ,28510479299,8/11/2020,GRUA ,SEGUROS ATLAS ,Gloria Nolan,16900123 6745,CESAR,Burundi,2166,550-393-7264,E3W 9Z3
515,202106,GERNERAL MOTORS - ASISTENCIA ,54858718799,10/1/2020,AUXILIO VIAL ,GONER,Flynn Cote,16120602 2350,NANCY,Honduras,6234,558-686-5284,E3V 7M6
516,202203,MAPFRE TEPEYAC AUTO ,58263684999,3/27/2021,PAGO DIRECTO ,GNP ,Lawrence Goodman,16101122 6378,TANIA,Puerto Rico,644,556-151-6556,E3V 2D6
517,202203,GERNERAL MOTORS - ASISTENCIA ,7974596699,5/28/2022,PAGO DIRECTO ,GNP ,Dylan Jones,16660325 3391,SUSANA,Anguilla,8054,556-525-7481,E2A 5C9
518,202201,MAPFRE HOSPITALIZACION FAMILIAR ,91562867299,8/4/2021,COMBUSTIBLE ,GONER,Steel Reilly,16920107 4953,EDGAR,"Virgin Islands, United States",8070,557-826-6574,E0W 1X8
519,202109,GNP BANCA POR EXPUESTO ,31623820999,4/6/2021,AUXILIO VIAL ,GENERAL MOTORS ,Linus Terry,16631012 7292,CESAR,Cook Islands,6055,558-507-0352,E0Q 9B1
520,202107,MAZDA ,30404746199,9/6/2020,CASETAS ,MAZDA ,Lois Maldonado,16931127 0962,MARISOL,Poland,2805,557-799-3284,E0Q 2I7
521,202202,SEGUROS ATLAS AUTOS 15-20 A헲S,84710073399,5/25/2021,PAGO DIRECTO ,SEGUROS ATLAS ,Brenna Wiggins,16200118 1383,EDGAR,Cura網o,8766,553-889-7121,D9Y 5K5
522,202111,MAPFRE ESPA헤 - CORRESPONSALIA ,2604141699,1/24/2021,GRUA ,GNP ,Justin James,16100923 6470,EDGAR,Bouvet Island,3965,554-100-0580,D8X 9T5
523,202106,SEGUROS ATLAS AUTOS 15-20 A헲S,98972509999,10/14/2020,PAGO DIRECTO ,GONER,Mercedes Hancock,16101122 6378,SUSANA,Suriname,2915,550-833-7214,D8I 3C2
524,202205,MAPFRE TEPEYAC AUTO ,63484809299,12/31/2020,COMBUSTIBLE ,GENERAL MOTORS ,Britanni Ayala,16270729 3730,TANIA,Aruba,3902,556-437-9648,D7D 0E1
525,202108,GERNERAL MOTORS - ASISTENCIA ,10270974799,1/15/2021,GRUA ,GONER,Dakota Burks,16081110 6061,SUEMY,Antigua and Barbuda,8041,555-227-7535,D6Z 0B5
526,202106,GNP BANCA POR EXPUESTO ,7905333999,10/12/2020,CASETAS ,GNP ,Troy Joseph,16270824 3528,EDGAR,San Marino,8384,556-953-6841,D6D 8S6
527,202106,SEGUROS ATLAS AUTOS 15-20 A헲S,4753371499,7/18/2021,PAGO DIRECTO ,MAPFRE ASISTENCIA ,Justine Fischer,16950623 3262,CESAR,Kuwait,2824,557-379-5952,D5Z 0C0
528,202110,MAPFRE ESPA헤 - CORRESPONSALIA ,68378353399,6/4/2021,GRUA ,MAPFRE SEGUROS ,Beverly Rocha,16211113 2979,TANIA,Lesotho,8634,551-692-0616,D5W 3O5
529,202110,MAPFRE TEPEYAC AUTO ,23736086099,9/21/2021,PAGO DIRECTO ,MAZDA ,Zeph Forbes,16580510 6332,MARISOL,Guinea,8196,555-333-5543,D5T 7F8
530,202112,SEGUROS ATLAS AUTOS 15-20 A헲S,31229690099,4/15/2021,GRUA ,MAZDA ,Nichole Kaufman,16810514 6479,SUEMY,Tajikistan,6082,557-571-0251,D5S 6P4
531,202201,SEGUROS ATLAS AUTOS 15-20 A헲S,25751324799,7/3/2020,CASETAS ,SEGUROS ATLAS ,Brianna Montgomery,16301117 3956,TANIA,Hong Kong,9408,556-899-9403,D5C 9V4
532,202111,GNP BANCA POR EXPUESTO ,32641043299,6/24/2021,PAGO DIRECTO ,MAPFRE SEGUROS ,Jada Whitney,16840121 5978,SUSANA,Solomon Islands,8160,551-982-9260,D4L 8X0
533,202204,GNP DESBORDE ,6387694899,8/25/2020,GRUA ,GNP ,Devin Ellison,16810705 8334,NANCY,Namibia,8837,559-152-6495,D4F 1E8
534,202205,SEGUROS ATLAS AUTOS 15-20 A헲S,89351202299,12/7/2020,URGENCIAS HOSPITAL ,GNP ,Kasimir Cabrera,16140624 4069,CESAR,Namibia,9420,558-308-5669,D3Q 7O1
535,202110,SEGUROS ATLAS AUTOS 15-20 A헲S,21782686099,10/27/2021,PAGO DIRECTO ,GONER,Yuli Michael,16160413 2736,CESAR,Maldives,881,557-104-2261,D3O 9T0
536,202108,GNP SINIESTROS REGULARES,48584022299,6/18/2020,PAGO DIRECTO ,GNP ,Wallace Castillo,16771017 0551,NANCY,Montenegro,8417,552-511-3080,D3E 2O9
537,202108,GNP DESBORDE ,54818239299,8/31/2021,GRUA ,GNP ,Kyra Merrill,16450117 4207,MARISOL,Bahrain,4570,550-281-7648,D2I 8I4
538,202106,GNP DESBORDE ,2992955799,3/18/2022,URGENCIAS HOSPITAL ,MAZDA ,Hyatt Stevenson,16080702 9780,EDGAR,Taiwan,1791,553-523-6328,D1K 3U6
539,202105,SEGUROS ATLAS AUTOS 15-20 A헲S,24448518099,11/29/2020,PAGO DIRECTO ,MAPFRE SEGUROS ,Justine Fischer,16611224 4915,SUEMY,Latvia,5674,552-516-4789,D1G 6Z7
540,202107,MAPFRE TEPEYAC AUTO ,27533552499,3/27/2021,CASETAS ,GENERAL MOTORS ,Lara Sweeney,16670415 6105,MARISOL,Guinea,4153,556-983-6382,C8O 4U5
541,202110,MAPFRE HOSPITALIZACION FAMILIAR ,44765893499,10/9/2021,PAGO DIRECTO ,SEGUROS ATLAS ,Mason Lancaster,16040312 5610,NANCY,Ghana,3827,559-130-2480,C7J 7R8
542,202203,MAPFRE TEPEYAC AUTO ,62223279399,2/17/2021,AUXILIO VIAL ,MAPFRE SEGUROS ,Brian Henson,16130730 9334,CESAR,Niger,6334,559-318-4733,C7A 3C1
543,202201,MAPFRE SEGUROS REGULARES ,47655709299,4/10/2021,AUXILIO VIAL ,GONER,Cade Hansen,16920321 4433,EDGAR,Libya,9502,558-789-7676,C6S 5F4
544,202107,SEGUROS ATLAS AUTOS 15-20 A헲S,43778918299,9/26/2020,AUXILIO VIAL ,MAZDA ,Clinton Workman,16170625 7662,CESAR,Saint Pierre and Miquelon,8665,554-747-2587,C6K 1I0
545,202108,MAPFRE HOSPITALIZACION FAMILIAR ,16438783799,7/9/2021,AUXILIO VIAL ,GONER,Price Noel,16771017 0551,SUSANA,Gambia,9495,553-135-0247,C5X 4A5
546,202205,GNP SINIESTROS REGULARES,70753172999,3/10/2021,AUXILIO VIAL ,GENERAL MOTORS ,Vladimir Flynn,16030527 8608,MARISOL,Liechtenstein,334,550-867-1364,C5P 2W3
547,202202,MAPFRE HOSPITALIZACION FAMILIAR ,56311176499,7/22/2021,CASETAS ,MAPFRE SEGUROS ,Kylynn Leblanc,16320906 3613,TANIA,"Virgin Islands, United States",5798,550-198-1921,C5D 9Y8
548,202109,MAPFRE HOSPITALIZACION FAMILIAR ,52911358399,5/22/2021,PAGO DIRECTO ,GNP ,Ashton Phillips,16390418 9747,EDGAR,Bouvet Island,327,555-420-7183,C4C 5W3
549,202204,MAPFRE ESPA헤 - CORRESPONSALIA ,1919312399,1/30/2021,URGENCIAS HOSPITAL ,GENERAL MOTORS ,Bevis Bush,16890614 8179,SUEMY,Comoros,8746,552-817-2302,C4B 5T9
550,202205,MAZDA ,85546171299,3/4/2021,URGENCIAS HOSPITAL ,SEGUROS ATLAS ,Cally Mcmahon,16320122 4411,CESAR,Peru,1672,558-468-4649,C4B 5B4
551,202111,MAPFRE HOSPITALIZACION FAMILIAR ,7693575899,3/18/2022,PAGO DIRECTO ,SEGUROS ATLAS ,Clare Moon,16740503 4815,MARISOL,Viet Nam,4599,555-132-1795,C4A 0M5
552,202205,GNP DESBORDE ,70829537799,2/25/2021,PAGO DIRECTO ,GONER,Hilel Burch,16610624 1430,TANIA,Lesotho,7383,558-308-8094,C3X 6O3
553,202105,MAPFRE TEPEYAC AUTO ,48400264299,4/28/2021,GRUA ,MAZDA ,Mari Benjamin,16520611 3119,CESAR,Saint Lucia,2425,557-225-4267,C3V 7L3
554,202110,MAZDA ,99702957199,9/3/2020,CASETAS ,GNP ,Drake Simon,16050708 3798,SUSANA,South Africa,4361,555-897-2739,C3E 1Y0
555,202202,GNP BANCA POR EXPUESTO ,71840893999,9/6/2020,CASETAS ,SEGUROS ATLAS ,Ginger Wilkins,16430418 2134,CESAR,Mozambique,4896,559-881-1800,C2P 6O2
556,202202,GNP BANCA POR EXPUESTO ,99382205799,6/11/2020,AUXILIO VIAL ,MAPFRE SEGUROS ,Cole Knight,16430114 7650,CESAR,Estonia,5827,559-150-2302,C1Y 9Y4
557,202201,MAPFRE HOSPITALIZACION FAMILIAR ,13833672399,6/16/2020,CASETAS ,MAPFRE SEGUROS ,Cora Watkins,16171027 1568,SUSANA,United States Minor Outlying Islands,1699,553-130-6989,C1Y 4G8
558,202202,MAPFRE ESPA헤 - CORRESPONSALIA ,61918796699,3/22/2021,GRUA ,MAPFRE ASISTENCIA ,Harding Boyd,16530325 3610,TANIA,Turks and Caicos Islands,3546,555-570-1181,C1S 1W5
559,202109,MAPFRE ESPA헤 - CORRESPONSALIA ,30481171199,12/11/2021,URGENCIAS HOSPITAL ,MAPFRE SEGUROS ,Colette Franco,16900117 7717,TANIA,Norway,2738,550-509-6353,C1R 9W9
560,202205,MAPFRE SEGUROS REGULARES ,33413756799,4/29/2021,CASETAS ,MAZDA ,Brenda Chambers,16330227 2137,EDGAR,Zambia,3673,552-913-7775,C1P 8Z6
561,202203,MAPFRE ESPA헤 - CORRESPONSALIA ,39978594199,12/27/2020,PAGO DIRECTO ,GNP ,Kenyon Lang,16140821 4110,MARISOL,Lithuania,5944,553-578-7692,C1N 6T7
562,202107,SEGUROS ATLAS AUTOS 15-20 A헲S,54489167199,11/20/2020,GRUA ,SEGUROS ATLAS ,Thaddeus Walton,16891204 9262,NANCY,Myanmar,7006,556-616-6726,C0Z 3K0
563,202203,MAPFRE ESPA헤 - CORRESPONSALIA ,15884832299,6/5/2020,CASETAS ,MAZDA ,Marah Atkins,16200809 0686,CESAR,China,4031,556-451-4211,C0H 7W7
564,202105,MAPFRE TEPEYAC AUTO ,99893438199,2/6/2021,COMBUSTIBLE ,MAPFRE SEGUROS ,Craig Pearson,16070229 3994,MARISOL,United Arab Emirates,4373,554-799-7719,B9U 7B6
565,202204,MAPFRE SEGUROS REGULARES ,53921734999,2/27/2022,PAGO DIRECTO ,MAPFRE SEGUROS ,Jacob Cameron,16140230 5641,MARISOL,Hong Kong,5881,559-911-4154,B9U 2B6
566,202110,MAPFRE TEPEYAC AUTO ,97202446299,12/2/2021,AUXILIO VIAL ,MAZDA ,Arsenio Solis,16911012 4055,MARISOL,Austria,3860,550-673-9282,B7C 7L2
567,202109,GNP SINIESTROS REGULARES,63877642499,7/30/2020,PAGO DIRECTO ,GENERAL MOTORS ,Bianca Price,16180604 1511,MARISOL,Trinidad and Tobago,8945,555-636-4886,B6U 6S9
568,202110,MAPFRE TEPEYAC AUTO ,96892936599,6/13/2021,CASETAS ,MAPFRE SEGUROS ,Wallace Ortiz,16791105 1485,SUSANA,Denmark,9792,550-206-2277,B6S 8D3
569,202107,GNP BANCA POR EXPUESTO ,65991857299,4/21/2022,COMBUSTIBLE ,GNP ,Harlan Stewart,16050708 9811,SUEMY,Israel,2697,558-292-6792,B6O 2S5
570,202111,GNP SINIESTROS REGULARES,78484504199,7/28/2020,GRUA ,GENERAL MOTORS ,Xenos Taylor,16660702 6306,EDGAR,South Africa,4287,550-549-3418,B5X 8W3
571,202204,MAPFRE ESPA헤 - CORRESPONSALIA ,70896086599,9/1/2021,PAGO DIRECTO ,MAPFRE ASISTENCIA ,Madison Merrill,16851116 4223,NANCY,Nicaragua,6976,557-358-2420,B4X 7I5
572,202202,MAPFRE TEPEYAC AUTO ,36339893599,5/15/2022,GRUA ,GENERAL MOTORS ,Amal Ferguson,16181206 8029,CESAR,Georgia,225,551-847-8918,B4Q 4H0
573,202112,MAPFRE ESPA헤 - CORRESPONSALIA ,62596689499,12/8/2020,GRUA ,MAPFRE SEGUROS ,Clarke Mcdonald,16130205 5064,CESAR,Netherlands,7480,553-121-1106,B4O 0Y6
574,202203,GNP BANCA POR EXPUESTO ,50912096299,1/14/2022,CASETAS ,MAPFRE ASISTENCIA ,Amir Kim,16591220 1455,MARISOL,Cape Verde,1483,552-686-8664,B3W 9A3
575,202205,GNP SINIESTROS REGULARES,30288829599,1/26/2022,URGENCIAS HOSPITAL ,GONER,Ira Mclean,16291226 4468,NANCY,Pitcairn Islands,7097,551-885-0113,B3R 0M4
576,202107,MAPFRE SEGUROS REGULARES ,24692949899,9/22/2020,URGENCIAS HOSPITAL ,MAPFRE SEGUROS ,Justine Roach,16751224 3325,NANCY,Central African Republic,2980,555-192-3477,B3I 3R3
577,202105,MAZDA ,85705353699,10/1/2020,COMBUSTIBLE ,MAPFRE SEGUROS ,Guy Farrell,16691210 7940,SUSANA,Lesotho,9173,559-836-3804,B2X 5J0
578,202205,GNP SINIESTROS REGULARES,69547190099,3/13/2021,COMBUSTIBLE ,GNP ,Flynn Hays,16550728 6580,NANCY,Colombia,832,556-913-8592,B1S 7N6
579,202204,GNP SINIESTROS REGULARES,36974753999,8/19/2020,CASETAS ,GENERAL MOTORS ,Deirdre Kramer,16921230 1031,EDGAR,Colombia,4979,550-507-8414,B1Q 8L1
580,202111,MAPFRE ESPA헤 - CORRESPONSALIA ,26906418999,5/14/2021,AUXILIO VIAL ,MAPFRE SEGUROS ,Kalia Wise,16671211 3023,SUEMY,French Polynesia,5227,555-992-9889,B1E 6V8
581,202112,MAZDA ,86988718599,4/17/2021,AUXILIO VIAL ,GNP ,Rowan Zimmerman,16911012 4055,EDGAR,Syria,6354,552-138-9597,A9P 0N0
582,202111,MAZDA ,42384506899,2/12/2021,AUXILIO VIAL ,MAPFRE SEGUROS ,Jada Finley,16000404 5217,SUSANA,Burundi,4086,550-165-5765,A8T 3V4
583,202202,MAPFRE ESPA헤 - CORRESPONSALIA ,37701077799,5/18/2021,GRUA ,MAPFRE SEGUROS ,Chastity Norton,16071206 8642,MARISOL,Swaziland,2228,556-707-2399,A8L 6G6
584,202105,GNP BANCA POR EXPUESTO ,82322813899,11/14/2020,GRUA ,GENERAL MOTORS ,Thaddeus Walton,16411030 4054,SUEMY,Ecuador,5967,556-474-3836,A7U 1L0
585,202202,MAZDA ,50572680399,7/5/2020,GRUA ,SEGUROS ATLAS ,Iona Larsen,16890406 8478,MARISOL,Belarus,3152,552-491-1536,A7T 4F0
586,202106,GNP BANCA POR EXPUESTO ,70875141699,11/7/2021,GRUA ,GENERAL MOTORS ,Echo Mcknight,16971224 2149,EDGAR,Venezuela,4061,553-391-2902,A7A 7D9
587,202112,GNP DESBORDE ,93526353099,11/22/2020,PAGO DIRECTO ,MAPFRE SEGUROS ,Baxter Randall,16320325 5363,NANCY,Saudi Arabia,9916,554-479-9737,A6U 4S4
588,202205,GNP BANCA POR EXPUESTO ,74620532399,10/13/2020,AUXILIO VIAL ,MAZDA ,Carolyn Ballard,16200301 2354,MARISOL,Bhutan,7770,553-688-8134,A6F 9J7
589,202201,GERNERAL MOTORS - ASISTENCIA ,76813827099,5/20/2021,CASETAS ,MAZDA ,Griffith Burton,16190620 7293,SUSANA,San Marino,4408,556-360-5480,A6D 9F9
590,202203,MAPFRE TEPEYAC AUTO ,83380600399,4/23/2022,URGENCIAS HOSPITAL ,SEGUROS ATLAS ,Portia Kramer,16540206 8976,NANCY,Morocco,7893,559-746-3185,A6D 3I6
591,202201,SEGUROS ATLAS AUTOS 15-20 A헲S,82621211399,5/4/2021,CASETAS ,MAZDA ,Ivana Mcguire,16900123 6745,TANIA,Australia,9525,550-797-1824,A5N 2J5
592,202105,GERNERAL MOTORS - ASISTENCIA ,81780881899,5/12/2022,PAGO DIRECTO ,SEGUROS ATLAS ,Giselle Kelly,16351026 9073,SUEMY,Macao,1984,555-231-9241,A5E 0O7
593,202203,SEGUROS ATLAS AUTOS 15-20 A헲S,4546206399,2/8/2022,CASETAS ,MAPFRE SEGUROS ,Marshall Hodge,16320230 5979,CESAR,"Palestine, State of",7712,557-225-4267,A4P 5H8
594,202204,GNP SINIESTROS REGULARES,84754198099,11/27/2020,PAGO DIRECTO ,MAPFRE SEGUROS ,Claire Miller,16890207 9782,TANIA,Malawi,7820,554-226-2638,A4I 6V4
595,202204,MAPFRE TEPEYAC AUTO ,97659827999,3/15/2021,AUXILIO VIAL ,GONER,Sarah Howe,16270729 3730,EDGAR,Vanuatu,7400,558-799-1893,A2R 6J3
596,202201,SEGUROS ATLAS AUTOS 15-20 A헲S,99823442699,8/7/2021,URGENCIAS HOSPITAL ,MAZDA ,Rama Dominguez,16390817 0990,SUSANA,Morocco,308,552-659-9982,A2K 0V0
597,202108,MAPFRE TEPEYAC AUTO ,23660367699,5/23/2021,CASETAS ,GNP ,Keefe Cabrera,16130901 9295,CESAR,Finland,7889,550-229-7147,A1W 2T7
598,202111,GERNERAL MOTORS - ASISTENCIA ,85842076499,11/8/2020,GRUA ,GONER,Hop Robertson,16630624 7666,CESAR,French Guiana,9772,559-918-7519,A1D 6E8
599,202201,MAZDA ,89476322499,4/20/2022,AUXILIO VIAL ,MAPFRE ASISTENCIA ,Clementine Ayers,16120625 3997,MARISOL,Gabon,9364,553-298-4896,A0T 7A9
600,202107,MAPFRE HOSPITALIZACION FAMILIAR ,5339724799,8/22/2020,COMBUSTIBLE ,SEGUROS ATLAS ,Tyrone Tran,16300503 0717,SUSANA,Dominican Republic,7468,558-640-2151,A0F 3N6
